20211015,ag2110,4900.0,4849.0,4849.0,0.0,4900.0,4948.0,4900.0,82,6061200.0,3902.0,1.7976931348623157e+308,1.7976931348623157e+308,5333.0,4364.0,0.0,1.7976931348623157e+308,16:07:50,500,73917.0731707317,20211014,4903.0,4,4960.0,40,1.7976931348623157e+308,0,1.7976931348623157e+308,0,1.7976931348623157e+308,0,1.7976931348623157e+308,0,1.7976931348623157e+308,0,1.7976931348623157e+308,0,1.7976931348623157e+308,0,1.7976931348623157e+308,0
20211015,ag2110,4960.0,4849.0,4849.0,0.0,4900.0,4960.0,4900.0,114,8442000.0,3934.0,1.7976931348623157e+308,1.7976931348623157e+308,5333.0,4364.0,0.0,1.7976931348623157e+308,16:15:12,0,74052.63157894737,20211014,4903.0,4,4960.0,8,1.7976931348623157e+308,0,1.7976931348623157e+308,0,1.7976931348623157e+308,0,1.7976931348623157e+308,0,1.7976931348623157e+308,0,1.7976931348623157e+308,0,1.7976931348623157e+308,0,1.7976931348623157e+308,0
20211015,ag2110,4960.0,4849.0,4849.0,0.0,4900.0,4960.0,4900.0,114,8442000.0,3934.0,1.7976931348623157e+308,1.7976931348623157e+308,5333.0,4364.0,0.0,1.7976931348623157e+308,16:44:58,500,74052.63157894737,20211014,4903.0,4,1.7976931348623157e+308,0,1.7976931348623157e+308,0,1.7976931348623157e+308,0,1.7976931348623157e+308,0,1.7976931348623157e+308,0,1.7976931348623157e+308,0,1.7976931348623157e+308,0,1.7976931348623157e+308,0,1.7976931348623157e+308,0
20211015,ag2110,4960.0,4849.0,4849.0,0.0,4900.0,4960.0,4900.0,114,8442000.0,3934.0,1.7976931348623157e+308,1.7976931348623157e+308,5333.0,4364.0,0.0,1.7976931348623157e+308,16:46:01,500,74052.63157894737,20211014,4903.0,4,4961.0,30,1.7976931348623157e+308,0,1.7976931348623157e+308,0,1.7976931348623157e+308,0,1.7976931348623157e+308,0,1.7976931348623157e+308,0,1.7976931348623157e+308,0,1.7976931348623157e+308,0,1.7976931348623157e+308,0
20211015,ag2110,4960.0,4849.0,4849.0,0.0,4900.0,4960.0,4900.0,114,8442000.0,3934.0,1.7976931348623157e+308,1.7976931348623157e+308,5333.0,4364.0,0.0,1.7976931348623157e+308,16:49:13,0,74052.63157894737,20211014,4903.0,4,4961.0,10,1.7976931348623157e+308,0,1.7976931348623157e+308,0,1.7976931348623157e+308,0,1.7976931348623157e+308,0,1.7976931348623157e+308,0,1.7976931348623157e+308,0,1.7976931348623157e+308,0,1.7976931348623157e+308,0
20211015,ag2110,4960.0,4849.0,4849.0,0.0,4900.0,4960.0,4900.0,114,8442000.0,3934.0,1.7976931348623157e+308,1.7976931348623157e+308,5333.0,4364.0,0.0,1.7976931348623157e+308,16:51:15,500,74052.63157894737,20211014,4903.0,4,4961.0,20,1.7976931348623157e+308,0,1.7976931348623157e+308,0,1.7976931348623157e+308,0,1.7976931348623157e+308,0,1.7976931348623157e+308,0,1.7976931348623157e+308,0,1.7976931348623157e+308,0,1.7976931348623157e+308,0
20211015,ag2110,4960.0,4849.0,4849.0,0.0,4900.0,4960.0,4900.0,114,8442000.0,3934.0,1.7976931348623157e+308,1.7976931348623157e+308,5333.0,4364.0,0.0,1.7976931348623157e+308,16:53:22,500,74052.63157894737,20211014,4903.0,6,4961.0,20,1.7976931348623157e+308,0,1.7976931348623157e+308,0,1.7976931348623157e+308,0,1.7976931348623157e+308,0,1.7976931348623157e+308,0,1.7976931348623157e+308,0,1.7976931348623157e+308,0,1.7976931348623157e+308,0
20211015,ag2110,4960.0,4849.0,4849.0,0.0,4900.0,4960.0,4900.0,114,8442000.0,3934.0,1.7976931348623157e+308,1.7976931348623157e+308,5333.0,4364.0,0.0,1.7976931348623157e+308,16:53:26,0,74052.63157894737,20211014,4903.0,4,4961.0,20,1.7976931348623157e+308,0,1.7976931348623157e+308,0,1.7976931348623157e+308,0,1.7976931348623157e+308,0,1.7976931348623157e+308,0,1.7976931348623157e+308,0,1.7976931348623157e+308,0,1.7976931348623157e+308,0
20211015,ag2110,4960.0,4849.0,4849.0,0.0,4900.0,4960.0,4900.0,114,8442000.0,3934.0,1.7976931348623157e+308,1.7976931348623157e+308,5333.0,4364.0,0.0,1.7976931348623157e+308,17:00:42,0,74052.63157894737,20211014,4903.0,6,4961.0,20,1.7976931348623157e+308,0,1.7976931348623157e+308,0,1.7976931348623157e+308,0,1.7976931348623157e+308,0,1.7976931348623157e+308,0,1.7976931348623157e+308,0,1.7976931348623157e+308,0,1.7976931348623157e+308,0
20211015,ag2110,4960.0,4849.0,4849.0,0.0,4900.0,4960.0,4900.0,114,8442000.0,3934.0,1.7976931348623157e+308,1.7976931348623157e+308,5333.0,4364.0,0.0,1.7976931348623157e+308,17:00:42,500,74052.63157894737,20211014,4903.0,4,4961.0,20,1.7976931348623157e+308,0,1.7976931348623157e+308,0,1.7976931348623157e+308,0,1.7976931348623157e+308,0,1.7976931348623157e+308,0,1.7976931348623157e+308,0,1.7976931348623157e+308,0,1.7976931348623157e+308,0
20211015,ag2110,4960.0,4849.0,4849.0,0.0,4900.0,4960.0,4900.0,114,8442000.0,3934.0,1.7976931348623157e+308,1.7976931348623157e+308,5333.0,4364.0,0.0,1.7976931348623157e+308,17:02:30,500,74052.63157894737,20211014,4903.0,6,4961.0,20,1.7976931348623157e+308,0,1.7976931348623157e+308,0,1.7976931348623157e+308,0,1.7976931348623157e+308,0,1.7976931348623157e+308,0,1.7976931348623157e+308,0,1.7976931348623157e+308,0,1.7976931348623157e+308,0
20211015,ag2110,4960.0,4849.0,4849.0,0.0,4900.0,4960.0,4900.0,114,8442000.0,3934.0,1.7976931348623157e+308,1.7976931348623157e+308,5333.0,4364.0,0.0,1.7976931348623157e+308,17:02:39,0,74052.63157894737,20211014,4903.0,4,4961.0,20,1.7976931348623157e+308,0,1.7976931348623157e+308,0,1.7976931348623157e+308,0,1.7976931348623157e+308,0,1.7976931348623157e+308,0,1.7976931348623157e+308,0,1.7976931348623157e+308,0,1.7976931348623157e+308,0
20211015,ag2110,4960.0,4849.0,4849.0,0.0,4900.0,4960.0,4900.0,114,8442000.0,3934.0,1.7976931348623157e+308,1.7976931348623157e+308,5333.0,4364.0,0.0,1.7976931348623157e+308,17:04:04,0,74052.63157894737,20211014,4903.0,4,4961.0,20,1.7976931348623157e+308,0,1.7976931348623157e+308,0,1.7976931348623157e+308,0,1.7976931348623157e+308,0,1.7976931348623157e+308,0,1.7976931348623157e+308,0,1.7976931348623157e+308,0,1.7976931348623157e+308,0
20211015,ag2110,4961.0,4849.0,4849.0,0.0,4900.0,4961.0,4900.0,124,9186150.0,3944.0,1.7976931348623157e+308,1.7976931348623157e+308,5333.0,4364.0,0.0,1.7976931348623157e+308,17:11:18,0,74081.85483870968,20211014,4903.0,4,4961.0,10,1.7976931348623157e+308,0,1.7976931348623157e+308,0,1.7976931348623157e+308,0,1.7976931348623157e+308,0,1.7976931348623157e+308,0,1.7976931348623157e+308,0,1.7976931348623157e+308,0,1.7976931348623157e+308,0
20211015,ag2110,4961.0,4849.0,4849.0,0.0,4900.0,4961.0,4900.0,124,9186150.0,3944.0,1.7976931348623157e+308,1.7976931348623157e+308,5333.0,4364.0,0.0,1.7976931348623157e+308,17:25:01,0,74081.85483870968,20211014,4903.0,4,4962.0,10,1.7976931348623157e+308,0,1.7976931348623157e+308,0,1.7976931348623157e+308,0,1.7976931348623157e+308,0,1.7976931348623157e+308,0,1.7976931348623157e+308,0,1.7976931348623157e+308,0,1.7976931348623157e+308,0
20211015,ag2110,4961.0,4849.0,4849.0,0.0,4900.0,4961.0,4900.0,124,9186150.0,3944.0,1.7976931348623157e+308,1.7976931348623157e+308,5333.0,4364.0,0.0,1.7976931348623157e+308,17:30:42,500,74081.85483870968,20211014,4903.0,4,1.7976931348623157e+308,0,1.7976931348623157e+308,0,1.7976931348623157e+308,0,1.7976931348623157e+308,0,1.7976931348623157e+308,0,1.7976931348623157e+308,0,1.7976931348623157e+308,0,1.7976931348623157e+308,0,1.7976931348623157e+308,0
20211015,ag2110,4900.0,4849.0,4849.0,0.0,4900.0,4948.0,4900.0,82,6061200.0,3902.0,1.7976931348623157e+308,1.7976931348623157e+308,5333.0,4364.0,0.0,1.7976931348623157e+308,17:33:57,500,73917.0731707317,20211014,4903.0,4,1.7976931348623157e+308,0,1.7976931348623157e+308,0,1.7976931348623157e+308,0,1.7976931348623157e+308,0,1.7976931348623157e+308,0,1.7976931348623157e+308,0,1.7976931348623157e+308,0,1.7976931348623157e+308,0,1.7976931348623157e+308,0
20211015,ag2110,4900.0,4849.0,4849.0,0.0,4900.0,4948.0,4900.0,82,6061200.0,3902.0,1.7976931348623157e+308,1.7976931348623157e+308,5333.0,4364.0,0.0,1.7976931348623157e+308,17:38:30,0,73917.0731707317,20211014,4903.0,4,4960.0,40,1.7976931348623157e+308,0,1.7976931348623157e+308,0,1.7976931348623157e+308,0,1.7976931348623157e+308,0,1.7976931348623157e+308,0,1.7976931348623157e+308,0,1.7976931348623157e+308,0,1.7976931348623157e+308,0
20211015,ag2110,4960.0,4849.0,4849.0,0.0,4900.0,4960.0,4900.0,114,8442000.0,3934.0,1.7976931348623157e+308,1.7976931348623157e+308,5333.0,4364.0,0.0,1.7976931348623157e+308,17:45:51,500,74052.63157894737,20211014,4903.0,4,4960.0,8,1.7976931348623157e+308,0,1.7976931348623157e+308,0,1.7976931348623157e+308,0,1.7976931348623157e+308,0,1.7976931348623157e+308,0,1.7976931348623157e+308,0,1.7976931348623157e+308,0,1.7976931348623157e+308,0
20211015,ag2110,4960.0,4849.0,4849.0,0.0,4900.0,4960.0,4900.0,114,8442000.0,3934.0,1.7976931348623157e+308,1.7976931348623157e+308,5333.0,4364.0,0.0,1.7976931348623157e+308,18:15:38,500,74052.63157894737,20211014,4903.0,4,1.7976931348623157e+308,0,1.7976931348623157e+308,0,1.7976931348623157e+308,0,1.7976931348623157e+308,0,1.7976931348623157e+308,0,1.7976931348623157e+308,0,1.7976931348623157e+308,0,1.7976931348623157e+308,0,1.7976931348623157e+308,0
20211015,ag2110,4960.0,4849.0,4849.0,0.0,4900.0,4960.0,4900.0,114,8442000.0,3934.0,1.7976931348623157e+308,1.7976931348623157e+308,5333.0,4364.0,0.0,1.7976931348623157e+308,18:16:41,500,74052.63157894737,20211014,4903.0,4,4961.0,30,1.7976931348623157e+308,0,1.7976931348623157e+308,0,1.7976931348623157e+308,0,1.7976931348623157e+308,0,1.7976931348623157e+308,0,1.7976931348623157e+308,0,1.7976931348623157e+308,0,1.7976931348623157e+308,0
20211015,ag2110,4960.0,4849.0,4849.0,0.0,4900.0,4960.0,4900.0,114,8442000.0,3934.0,1.7976931348623157e+308,1.7976931348623157e+308,5333.0,4364.0,0.0,1.7976931348623157e+308,18:19:53,0,74052.63157894737,20211014,4903.0,4,4961.0,10,1.7976931348623157e+308,0,1.7976931348623157e+308,0,1.7976931348623157e+308,0,1.7976931348623157e+308,0,1.7976931348623157e+308,0,1.7976931348623157e+308,0,1.7976931348623157e+308,0,1.7976931348623157e+308,0
20211015,ag2110,4960.0,4849.0,4849.0,0.0,4900.0,4960.0,4900.0,114,8442000.0,3934.0,1.7976931348623157e+308,1.7976931348623157e+308,5333.0,4364.0,0.0,1.7976931348623157e+308,18:21:55,500,74052.63157894737,20211014,4903.0,4,4961.0,20,1.7976931348623157e+308,0,1.7976931348623157e+308,0,1.7976931348623157e+308,0,1.7976931348623157e+308,0,1.7976931348623157e+308,0,1.7976931348623157e+308,0,1.7976931348623157e+308,0,1.7976931348623157e+308,0
20211015,ag2110,4960.0,4849.0,4849.0,0.0,4900.0,4960.0,4900.0,114,8442000.0,3934.0,1.7976931348623157e+308,1.7976931348623157e+308,5333.0,4364.0,0.0,1.7976931348623157e+308,18:24:03,0,74052.63157894737,20211014,4903.0,6,4961.0,20,1.7976931348623157e+308,0,1.7976931348623157e+308,0,1.7976931348623157e+308,0,1.7976931348623157e+308,0,1.7976931348623157e+308,0,1.7976931348623157e+308,0,1.7976931348623157e+308,0,1.7976931348623157e+308,0
20211015,ag2110,4960.0,4849.0,4849.0,0.0,4900.0,4960.0,4900.0,114,8442000.0,3934.0,1.7976931348623157e+308,1.7976931348623157e+308,5333.0,4364.0,0.0,1.7976931348623157e+308,18:24:06,500,74052.63157894737,20211014,4903.0,4,4961.0,20,1.7976931348623157e+308,0,1.7976931348623157e+308,0,1.7976931348623157e+308,0,1.7976931348623157e+308,0,1.7976931348623157e+308,0,1.7976931348623157e+308,0,1.7976931348623157e+308,0,1.7976931348623157e+308,0
20211015,ag2110,4960.0,4849.0,4849.0,0.0,4900.0,4960.0,4900.0,114,8442000.0,3934.0,1.7976931348623157e+308,1.7976931348623157e+308,5333.0,4364.0,0.0,1.7976931348623157e+308,18:31:22,500,74052.63157894737,20211014,4903.0,6,4961.0,20,1.7976931348623157e+308,0,1.7976931348623157e+308,0,1.7976931348623157e+308,0,1.7976931348623157e+308,0,1.7976931348623157e+308,0,1.7976931348623157e+308,0,1.7976931348623157e+308,0,1.7976931348623157e+308,0
20211015,ag2110,4960.0,4849.0,4849.0,0.0,4900.0,4960.0,4900.0,114,8442000.0,3934.0,1.7976931348623157e+308,1.7976931348623157e+308,5333.0,4364.0,0.0,1.7976931348623157e+308,18:31:23,0,74052.63157894737,20211014,4903.0,4,4961.0,20,1.7976931348623157e+308,0,1.7976931348623157e+308,0,1.7976931348623157e+308,0,1.7976931348623157e+308,0,1.7976931348623157e+308,0,1.7976931348623157e+308,0,1.7976931348623157e+308,0,1.7976931348623157e+308,0
20211015,ag2110,4960.0,4849.0,4849.0,0.0,4900.0,4960.0,4900.0,114,8442000.0,3934.0,1.7976931348623157e+308,1.7976931348623157e+308,5333.0,4364.0,0.0,1.7976931348623157e+308,18:33:11,0,74052.63157894737,20211014,4903.0,6,4961.0,20,1.7976931348623157e+308,0,1.7976931348623157e+308,0,1.7976931348623157e+308,0,1.7976931348623157e+308,0,1.7976931348623157e+308,0,1.7976931348623157e+308,0,1.7976931348623157e+308,0,1.7976931348623157e+308,0
20211015,ag2110,4960.0,4849.0,4849.0,0.0,4900.0,4960.0,4900.0,114,8442000.0,3934.0,1.7976931348623157e+308,1.7976931348623157e+308,5333.0,4364.0,0.0,1.7976931348623157e+308,18:33:19,500,74052.63157894737,20211014,4903.0,4,4961.0,20,1.7976931348623157e+308,0,1.7976931348623157e+308,0,1.7976931348623157e+308,0,1.7976931348623157e+308,0,1.7976931348623157e+308,0,1.7976931348623157e+308,0,1.7976931348623157e+308,0,1.7976931348623157e+308,0
20211015,ag2110,4960.0,4849.0,4849.0,0.0,4900.0,4960.0,4900.0,114,8442000.0,3934.0,1.7976931348623157e+308,1.7976931348623157e+308,5333.0,4364.0,0.0,1.7976931348623157e+308,18:34:45,0,74052.63157894737,20211014,4903.0,4,4961.0,20,1.7976931348623157e+308,0,1.7976931348623157e+308,0,1.7976931348623157e+308,0,1.7976931348623157e+308,0,1.7976931348623157e+308,0,1.7976931348623157e+308,0,1.7976931348623157e+308,0,1.7976931348623157e+308,0
20211015,ag2110,4961.0,4849.0,4849.0,0.0,4900.0,4961.0,4900.0,124,9186150.0,3944.0,1.7976931348623157e+308,1.7976931348623157e+308,5333.0,4364.0,0.0,1.7976931348623157e+308,18:41:59,0,74081.85483870968,20211014,4903.0,4,4961.0,10,1.7976931348623157e+308,0,1.7976931348623157e+308,0,1.7976931348623157e+308,0,1.7976931348623157e+308,0,1.7976931348623157e+308,0,1.7976931348623157e+308,0,1.7976931348623157e+308,0,1.7976931348623157e+308,0
20211015,ag2110,4961.0,4849.0,4849.0,0.0,4900.0,4961.0,4900.0,124,9186150.0,3944.0,1.7976931348623157e+308,1.7976931348623157e+308,5333.0,4364.0,0.0,1.7976931348623157e+308,18:55:42,0,74081.85483870968,20211014,4903.0,4,4962.0,10,1.7976931348623157e+308,0,1.7976931348623157e+308,0,1.7976931348623157e+308,0,1.7976931348623157e+308,0,1.7976931348623157e+308,0,1.7976931348623157e+308,0,1.7976931348623157e+308,0,1.7976931348623157e+308,0
20211015,ag2110,4961.0,4849.0,4849.0,0.0,4900.0,4961.0,4900.0,124,9186150.0,3944.0,1.7976931348623157e+308,1.7976931348623157e+308,5333.0,4364.0,0.0,1.7976931348623157e+308,19:01:23,500,74081.85483870968,20211014,4903.0,4,1.7976931348623157e+308,0,1.7976931348623157e+308,0,1.7976931348623157e+308,0,1.7976931348623157e+308,0,1.7976931348623157e+308,0,1.7976931348623157e+308,0,1.7976931348623157e+308,0,1.7976931348623157e+308,0,1.7976931348623157e+308,0
20211015,ag2110,4900.0,4849.0,4849.0,0.0,4900.0,4948.0,4900.0,82,6061200.0,3902.0,1.7976931348623157e+308,1.7976931348623157e+308,5333.0,4364.0,0.0,1.7976931348623157e+308,19:04:38,500,73917.0731707317,20211014,4903.0,4,1.7976931348623157e+308,0,1.7976931348623157e+308,0,1.7976931348623157e+308,0,1.7976931348623157e+308,0,1.7976931348623157e+308,0,1.7976931348623157e+308,0,1.7976931348623157e+308,0,1.7976931348623157e+308,0,1.7976931348623157e+308,0
20211015,ag2110,4900.0,4849.0,4849.0,0.0,4900.0,4948.0,4900.0,82,6061200.0,3902.0,1.7976931348623157e+308,1.7976931348623157e+308,5333.0,4364.0,0.0,1.7976931348623157e+308,19:09:11,500,73917.0731707317,20211014,4903.0,4,4960.0,40,1.7976931348623157e+308,0,1.7976931348623157e+308,0,1.7976931348623157e+308,0,1.7976931348623157e+308,0,1.7976931348623157e+308,0,1.7976931348623157e+308,0,1.7976931348623157e+308,0,1.7976931348623157e+308,0
20211015,ag2110,4960.0,4849.0,4849.0,0.0,4900.0,4960.0,4900.0,114,8442000.0,3934.0,1.7976931348623157e+308,1.7976931348623157e+308,5333.0,4364.0,0.0,1.7976931348623157e+308,19:16:32,500,74052.63157894737,20211014,4903.0,4,4960.0,8,1.7976931348623157e+308,0,1.7976931348623157e+308,0,1.7976931348623157e+308,0,1.7976931348623157e+308,0,1.7976931348623157e+308,0,1.7976931348623157e+308,0,1.7976931348623157e+308,0,1.7976931348623157e+308,0
20211015,ag2110,4960.0,4849.0,4849.0,0.0,4900.0,4960.0,4900.0,114,8442000.0,3934.0,1.7976931348623157e+308,1.7976931348623157e+308,5333.0,4364.0,0.0,1.7976931348623157e+308,19:46:19,0,74052.63157894737,20211014,4903.0,4,1.7976931348623157e+308,0,1.7976931348623157e+308,0,1.7976931348623157e+308,0,1.7976931348623157e+308,0,1.7976931348623157e+308,0,1.7976931348623157e+308,0,1.7976931348623157e+308,0,1.7976931348623157e+308,0,1.7976931348623157e+308,0
20211015,ag2110,4960.0,4849.0,4849.0,0.0,4900.0,4960.0,4900.0,114,8442000.0,3934.0,1.7976931348623157e+308,1.7976931348623157e+308,5333.0,4364.0,0.0,1.7976931348623157e+308,19:47:22,0,74052.63157894737,20211014,4903.0,4,4961.0,30,1.7976931348623157e+308,0,1.7976931348623157e+308,0,1.7976931348623157e+308,0,1.7976931348623157e+308,0,1.7976931348623157e+308,0,1.7976931348623157e+308,0,1.7976931348623157e+308,0,1.7976931348623157e+308,0
20211015,ag2110,4960.0,4849.0,4849.0,0.0,4900.0,4960.0,4900.0,114,8442000.0,3934.0,1.7976931348623157e+308,1.7976931348623157e+308,5333.0,4364.0,0.0,1.7976931348623157e+308,19:50:33,500,74052.63157894737,20211014,4903.0,4,4961.0,10,1.7976931348623157e+308,0,1.7976931348623157e+308,0,1.7976931348623157e+308,0,1.7976931348623157e+308,0,1.7976931348623157e+308,0,1.7976931348623157e+308,0,1.7976931348623157e+308,0,1.7976931348623157e+308,0
20211015,ag2110,4960.0,4849.0,4849.0,0.0,4900.0,4960.0,4900.0,114,8442000.0,3934.0,1.7976931348623157e+308,1.7976931348623157e+308,5333.0,4364.0,0.0,1.7976931348623157e+308,19:52:36,0,74052.63157894737,20211014,4903.0,4,4961.0,20,1.7976931348623157e+308,0,1.7976931348623157e+308,0,1.7976931348623157e+308,0,1.7976931348623157e+308,0,1.7976931348623157e+308,0,1.7976931348623157e+308,0,1.7976931348623157e+308,0,1.7976931348623157e+308,0
20211015,ag2110,4960.0,4849.0,4849.0,0.0,4900.0,4960.0,4900.0,114,8442000.0,3934.0,1.7976931348623157e+308,1.7976931348623157e+308,5333.0,4364.0,0.0,1.7976931348623157e+308,19:54:43,0,74052.63157894737,20211014,4903.0,6,4961.0,20,1.7976931348623157e+308,0,1.7976931348623157e+308,0,1.7976931348623157e+308,0,1.7976931348623157e+308,0,1.7976931348623157e+308,0,1.7976931348623157e+308,0,1.7976931348623157e+308,0,1.7976931348623157e+308,0
20211015,ag2110,4960.0,4849.0,4849.0,0.0,4900.0,4960.0,4900.0,114,8442000.0,3934.0,1.7976931348623157e+308,1.7976931348623157e+308,5333.0,4364.0,0.0,1.7976931348623157e+308,19:54:47,0,74052.63157894737,20211014,4903.0,4,4961.0,20,1.7976931348623157e+308,0,1.7976931348623157e+308,0,1.7976931348623157e+308,0,1.7976931348623157e+308,0,1.7976931348623157e+308,0,1.7976931348623157e+308,0,1.7976931348623157e+308,0,1.7976931348623157e+308,0
20211015,ag2110,4960.0,4849.0,4849.0,0.0,4900.0,4960.0,4900.0,114,8442000.0,3934.0,1.7976931348623157e+308,1.7976931348623157e+308,5333.0,4364.0,0.0,1.7976931348623157e+308,20:02:03,0,74052.63157894737,20211014,4903.0,6,4961.0,20,1.7976931348623157e+308,0,1.7976931348623157e+308,0,1.7976931348623157e+308,0,1.7976931348623157e+308,0,1.7976931348623157e+308,0,1.7976931348623157e+308,0,1.7976931348623157e+308,0,1.7976931348623157e+308,0
20211015,ag2110,4960.0,4849.0,4849.0,0.0,4900.0,4960.0,4900.0,114,8442000.0,3934.0,1.7976931348623157e+308,1.7976931348623157e+308,5333.0,4364.0,0.0,1.7976931348623157e+308,20:02:03,500,74052.63157894737,20211014,4903.0,4,4961.0,20,1.7976931348623157e+308,0,1.7976931348623157e+308,0,1.7976931348623157e+308,0,1.7976931348623157e+308,0,1.7976931348623157e+308,0,1.7976931348623157e+308,0,1.7976931348623157e+308,0,1.7976931348623157e+308,0
20211015,ag2110,4960.0,4849.0,4849.0,0.0,4900.0,4960.0,4900.0,114,8442000.0,3934.0,1.7976931348623157e+308,1.7976931348623157e+308,5333.0,4364.0,0.0,1.7976931348623157e+308,20:03:51,500,74052.63157894737,20211014,4903.0,6,4961.0,20,1.7976931348623157e+308,0,1.7976931348623157e+308,0,1.7976931348623157e+308,0,1.7976931348623157e+308,0,1.7976931348623157e+308,0,1.7976931348623157e+308,0,1.7976931348623157e+308,0,1.7976931348623157e+308,0
20211015,ag2110,4960.0,4849.0,4849.0,0.0,4900.0,4960.0,4900.0,114,8442000.0,3934.0,1.7976931348623157e+308,1.7976931348623157e+308,5333.0,4364.0,0.0,1.7976931348623157e+308,20:04:00,0,74052.63157894737,20211014,4903.0,4,4961.0,20,1.7976931348623157e+308,0,1.7976931348623157e+308,0,1.7976931348623157e+308,0,1.7976931348623157e+308,0,1.7976931348623157e+308,0,1.7976931348623157e+308,0,1.7976931348623157e+308,0,1.7976931348623157e+308,0
20211015,ag2110,4960.0,4849.0,4849.0,0.0,4900.0,4960.0,4900.0,114,8442000.0,3934.0,1.7976931348623157e+308,1.7976931348623157e+308,5333.0,4364.0,0.0,1.7976931348623157e+308,20:05:25,500,74052.63157894737,20211014,4903.0,4,4961.0,20,1.7976931348623157e+308,0,1.7976931348623157e+308,0,1.7976931348623157e+308,0,1.7976931348623157e+308,0,1.7976931348623157e+308,0,1.7976931348623157e+308,0,1.7976931348623157e+308,0,1.7976931348623157e+308,0
20211015,ag2110,4961.0,4849.0,4849.0,0.0,4900.0,4961.0,4900.0,124,9186150.0,3944.0,1.7976931348623157e+308,1.7976931348623157e+308,5333.0,4364.0,0.0,1.7976931348623157e+308,20:12:39,500,74081.85483870968,20211014,4903.0,4,4961.0,10,1.7976931348623157e+308,0,1.7976931348623157e+308,0,1.7976931348623157e+308,0,1.7976931348623157e+308,0,1.7976931348623157e+308,0,1.7976931348623157e+308,0,1.7976931348623157e+308,0,1.7976931348623157e+308,0
20211015,ag2110,4961.0,4849.0,4849.0,0.0,4900.0,4961.0,4900.0,124,9186150.0,3944.0,1.7976931348623157e+308,1.7976931348623157e+308,5333.0,4364.0,0.0,1.7976931348623157e+308,20:26:22,500,74081.85483870968,20211014,4903.0,4,4962.0,10,1.7976931348623157e+308,0,1.7976931348623157e+308,0,1.7976931348623157e+308,0,1.7976931348623157e+308,0,1.7976931348623157e+308,0,1.7976931348623157e+308,0,1.7976931348623157e+308,0,1.7976931348623157e+308,0
20211015,ag2110,4961.0,4849.0,4849.0,0.0,4900.0,4961.0,4900.0,124,9186150.0,3944.0,1.7976931348623157e+308,1.7976931348623157e+308,5333.0,4364.0,0.0,1.7976931348623157e+308,20:32:04,500,74081.85483870968,20211014,4903.0,4,1.7976931348623157e+308,0,1.7976931348623157e+308,0,1.7976931348623157e+308,0,1.7976931348623157e+308,0,1.7976931348623157e+308,0,1.7976931348623157e+308,0,1.7976931348623157e+308,0,1.7976931348623157e+308,0,1.7976931348623157e+308,0
20211015,ag2110,4900.0,4849.0,4849.0,0.0,4900.0,4948.0,4900.0,82,6061200.0,3902.0,1.7976931348623157e+308,1.7976931348623157e+308,5333.0,4364.0,0.0,1.7976931348623157e+308,20:35:19,0,73917.0731707317,20211014,4903.0,4,1.7976931348623157e+308,0,1.7976931348623157e+308,0,1.7976931348623157e+308,0,1.7976931348623157e+308,0,1.7976931348623157e+308,0,1.7976931348623157e+308,0,1.7976931348623157e+308,0,1.7976931348623157e+308,0,1.7976931348623157e+308,0
20211015,ag2110,4900.0,4849.0,4849.0,0.0,4900.0,4948.0,4900.0,82,6061200.0,3902.0,1.7976931348623157e+308,1.7976931348623157e+308,5333.0,4364.0,0.0,1.7976931348623157e+308,20:39:51,500,73917.0731707317,20211014,4903.0,4,4960.0,40,1.7976931348623157e+308,0,1.7976931348623157e+308,0,1.7976931348623157e+308,0,1.7976931348623157e+308,0,1.7976931348623157e+308,0,1.7976931348623157e+308,0,1.7976931348623157e+308,0,1.7976931348623157e+308,0
20211015,ag2110,4960.0,4849.0,4849.0,0.0,4900.0,4960.0,4900.0,114,8442000.0,3934.0,1.7976931348623157e+308,1.7976931348623157e+308,5333.0,4364.0,0.0,1.7976931348623157e+308,20:47:12,500,74052.63157894737,20211014,4903.0,4,4960.0,8,1.7976931348623157e+308,0,1.7976931348623157e+308,0,1.7976931348623157e+308,0,1.7976931348623157e+308,0,1.7976931348623157e+308,0,1.7976931348623157e+308,0,1.7976931348623157e+308,0,1.7976931348623157e+308,0
20211015,ag2110,4960.0,4849.0,4849.0,0.0,4900.0,4960.0,4900.0,114,8442000.0,3934.0,1.7976931348623157e+308,1.7976931348623157e+308,5333.0,4364.0,0.0,1.7976931348623157e+308,21:16:59,500,74052.63157894737,20211014,4903.0,4,1.7976931348623157e+308,0,1.7976931348623157e+308,0,1.7976931348623157e+308,0,1.7976931348623157e+308,0,1.7976931348623157e+308,0,1.7976931348623157e+308,0,1.7976931348623157e+308,0,1.7976931348623157e+308,0,1.7976931348623157e+308,0
20211015,ag2110,4960.0,4849.0,4849.0,0.0,4900.0,4960.0,4900.0,114,8442000.0,3934.0,1.7976931348623157e+308,1.7976931348623157e+308,5333.0,4364.0,0.0,1.7976931348623157e+308,21:18:02,500,74052.63157894737,20211014,4903.0,4,4961.0,30,1.7976931348623157e+308,0,1.7976931348623157e+308,0,1.7976931348623157e+308,0,1.7976931348623157e+308,0,1.7976931348623157e+308,0,1.7976931348623157e+308,0,1.7976931348623157e+308,0,1.7976931348623157e+308,0
20211015,ag2110,4960.0,4849.0,4849.0,0.0,4900.0,4960.0,4900.0,114,8442000.0,3934.0,1.7976931348623157e+308,1.7976931348623157e+308,5333.0,4364.0,0.0,1.7976931348623157e+308,21:21:14,0,74052.63157894737,20211014,4903.0,4,4961.0,10,1.7976931348623157e+308,0,1.7976931348623157e+308,0,1.7976931348623157e+308,0,1.7976931348623157e+308,0,1.7976931348623157e+308,0,1.7976931348623157e+308,0,1.7976931348623157e+308,0,1.7976931348623157e+308,0
20211015,ag2110,4960.0,4849.0,4849.0,0.0,4900.0,4960.0,4900.0,114,8442000.0,3934.0,1.7976931348623157e+308,1.7976931348623157e+308,5333.0,4364.0,0.0,1.7976931348623157e+308,21:23:16,500,74052.63157894737,20211014,4903.0,4,4961.0,20,1.7976931348623157e+308,0,1.7976931348623157e+308,0,1.7976931348623157e+308,0,1.7976931348623157e+308,0,1.7976931348623157e+308,0,1.7976931348623157e+308,0,1.7976931348623157e+308,0,1.7976931348623157e+308,0
20211015,ag2110,4960.0,4849.0,4849.0,0.0,4900.0,4960.0,4900.0,114,8442000.0,3934.0,1.7976931348623157e+308,1.7976931348623157e+308,5333.0,4364.0,0.0,1.7976931348623157e+308,21:25:23,500,74052.63157894737,20211014,4903.0,6,4961.0,20,1.7976931348623157e+308,0,1.7976931348623157e+308,0,1.7976931348623157e+308,0,1.7976931348623157e+308,0,1.7976931348623157e+308,0,1.7976931348623157e+308,0,1.7976931348623157e+308,0,1.7976931348623157e+308,0
20211015,ag2110,4960.0,4849.0,4849.0,0.0,4900.0,4960.0,4900.0,114,8442000.0,3934.0,1.7976931348623157e+308,1.7976931348623157e+308,5333.0,4364.0,0.0,1.7976931348623157e+308,21:25:27,0,74052.63157894737,20211014,4903.0,4,4961.0,20,1.7976931348623157e+308,0,1.7976931348623157e+308,0,1.7976931348623157e+308,0,1.7976931348623157e+308,0,1.7976931348623157e+308,0,1.7976931348623157e+308,0,1.7976931348623157e+308,0,1.7976931348623157e+308,0
20211015,ag2110,4960.0,4849.0,4849.0,0.0,4900.0,4960.0,4900.0,114,8442000.0,3934.0,1.7976931348623157e+308,1.7976931348623157e+308,5333.0,4364.0,0.0,1.7976931348623157e+308,21:32:43,500,74052.63157894737,20211014,4903.0,6,4961.0,20,1.7976931348623157e+308,0,1.7976931348623157e+308,0,1.7976931348623157e+308,0,1.7976931348623157e+308,0,1.7976931348623157e+308,0,1.7976931348623157e+308,0,1.7976931348623157e+308,0,1.7976931348623157e+308,0
20211015,ag2110,4960.0,4849.0,4849.0,0.0,4900.0,4960.0,4900.0,114,8442000.0,3934.0,1.7976931348623157e+308,1.7976931348623157e+308,5333.0,4364.0,0.0,1.7976931348623157e+308,21:32:44,0,74052.63157894737,20211014,4903.0,4,4961.0,20,1.7976931348623157e+308,0,1.7976931348623157e+308,0,1.7976931348623157e+308,0,1.7976931348623157e+308,0,1.7976931348623157e+308,0,1.7976931348623157e+308,0,1.7976931348623157e+308,0,1.7976931348623157e+308,0
20211015,ag2110,4960.0,4849.0,4849.0,0.0,4900.0,4960.0,4900.0,114,8442000.0,3934.0,1.7976931348623157e+308,1.7976931348623157e+308,5333.0,4364.0,0.0,1.7976931348623157e+308,21:34:32,0,74052.63157894737,20211014,4903.0,6,4961.0,20,1.7976931348623157e+308,0,1.7976931348623157e+308,0,1.7976931348623157e+308,0,1.7976931348623157e+308,0,1.7976931348623157e+308,0,1.7976931348623157e+308,0,1.7976931348623157e+308,0,1.7976931348623157e+308,0
20211015,ag2110,4960.0,4849.0,4849.0,0.0,4900.0,4960.0,4900.0,114,8442000.0,3934.0,1.7976931348623157e+308,1.7976931348623157e+308,5333.0,4364.0,0.0,1.7976931348623157e+308,21:34:40,500,74052.63157894737,20211014,4903.0,4,4961.0,20,1.7976931348623157e+308,0,1.7976931348623157e+308,0,1.7976931348623157e+308,0,1.7976931348623157e+308,0,1.7976931348623157e+308,0,1.7976931348623157e+308,0,1.7976931348623157e+308,0,1.7976931348623157e+308,0
20211015,ag2110,4960.0,4849.0,4849.0,0.0,4900.0,4960.0,4900.0,114,8442000.0,3934.0,1.7976931348623157e+308,1.7976931348623157e+308,5333.0,4364.0,0.0,1.7976931348623157e+308,21:36:05,500,74052.63157894737,20211014,4903.0,4,4961.0,20,1.7976931348623157e+308,0,1.7976931348623157e+308,0,1.7976931348623157e+308,0,1.7976931348623157e+308,0,1.7976931348623157e+308,0,1.7976931348623157e+308,0,1.7976931348623157e+308,0,1.7976931348623157e+308,0
20211015,ag2110,4961.0,4849.0,4849.0,0.0,4900.0,4961.0,4900.0,124,9186150.0,3944.0,1.7976931348623157e+308,1.7976931348623157e+308,5333.0,4364.0,0.0,1.7976931348623157e+308,21:43:20,0,74081.85483870968,20211014,4903.0,4,4961.0,10,1.7976931348623157e+308,0,1.7976931348623157e+308,0,1.7976931348623157e+308,0,1.7976931348623157e+308,0,1.7976931348623157e+308,0,1.7976931348623157e+308,0,1.7976931348623157e+308,0,1.7976931348623157e+308,0
20211015,ag2110,4961.0,4849.0,4849.0,0.0,4900.0,4961.0,4900.0,124,9186150.0,3944.0,1.7976931348623157e+308,1.7976931348623157e+308,5333.0,4364.0,0.0,1.7976931348623157e+308,21:57:04,0,74081.85483870968,20211014,4903.0,4,4962.0,10,1.7976931348623157e+308,0,1.7976931348623157e+308,0,1.7976931348623157e+308,0,1.7976931348623157e+308,0,1.7976931348623157e+308,0,1.7976931348623157e+308,0,1.7976931348623157e+308,0,1.7976931348623157e+308,0
20211015,ag2110,4961.0,4849.0,4849.0,0.0,4900.0,4961.0,4900.0,124,9186150.0,3944.0,1.7976931348623157e+308,1.7976931348623157e+308,5333.0,4364.0,0.0,1.7976931348623157e+308,22:02:46,0,74081.85483870968,20211014,4903.0,4,1.7976931348623157e+308,0,1.7976931348623157e+308,0,1.7976931348623157e+308,0,1.7976931348623157e+308,0,1.7976931348623157e+308,0,1.7976931348623157e+308,0,1.7976931348623157e+308,0,1.7976931348623157e+308,0,1.7976931348623157e+308,0
20211015,ag2110,4900.0,4849.0,4849.0,0.0,4900.0,4948.0,4900.0,82,6061200.0,3902.0,1.7976931348623157e+308,1.7976931348623157e+308,5333.0,4364.0,0.0,1.7976931348623157e+308,22:06:00,500,73917.0731707317,20211014,4903.0,4,1.7976931348623157e+308,0,1.7976931348623157e+308,0,1.7976931348623157e+308,0,1.7976931348623157e+308,0,1.7976931348623157e+308,0,1.7976931348623157e+308,0,1.7976931348623157e+308,0,1.7976931348623157e+308,0,1.7976931348623157e+308,0
20211015,ag2110,4900.0,4849.0,4849.0,0.0,4900.0,4948.0,4900.0,82,6061200.0,3902.0,1.7976931348623157e+308,1.7976931348623157e+308,5333.0,4364.0,0.0,1.7976931348623157e+308,22:10:33,500,73917.0731707317,20211014,4903.0,4,4960.0,40,1.7976931348623157e+308,0,1.7976931348623157e+308,0,1.7976931348623157e+308,0,1.7976931348623157e+308,0,1.7976931348623157e+308,0,1.7976931348623157e+308,0,1.7976931348623157e+308,0,1.7976931348623157e+308,0
20211015,ag2110,4960.0,4849.0,4849.0,0.0,4900.0,4960.0,4900.0,114,8442000.0,3934.0,1.7976931348623157e+308,1.7976931348623157e+308,5333.0,4364.0,0.0,1.7976931348623157e+308,22:17:55,0,74052.63157894737,20211014,4903.0,4,4960.0,8,1.7976931348623157e+308,0,1.7976931348623157e+308,0,1.7976931348623157e+308,0,1.7976931348623157e+308,0,1.7976931348623157e+308,0,1.7976931348623157e+308,0,1.7976931348623157e+308,0,1.7976931348623157e+308,0
20211015,ag2110,4960.0,4849.0,4849.0,0.0,4900.0,4960.0,4900.0,114,8442000.0,3934.0,1.7976931348623157e+308,1.7976931348623157e+308,5333.0,4364.0,0.0,1.7976931348623157e+308,22:47:42,0,74052.63157894737,20211014,4903.0,4,1.7976931348623157e+308,0,1.7976931348623157e+308,0,1.7976931348623157e+308,0,1.7976931348623157e+308,0,1.7976931348623157e+308,0,1.7976931348623157e+308,0,1.7976931348623157e+308,0,1.7976931348623157e+308,0,1.7976931348623157e+308,0
20211015,ag2110,4960.0,4849.0,4849.0,0.0,4900.0,4960.0,4900.0,114,8442000.0,3934.0,1.7976931348623157e+308,1.7976931348623157e+308,5333.0,4364.0,0.0,1.7976931348623157e+308,22:48:45,0,74052.63157894737,20211014,4903.0,4,4961.0,30,1.7976931348623157e+308,0,1.7976931348623157e+308,0,1.7976931348623157e+308,0,1.7976931348623157e+308,0,1.7976931348623157e+308,0,1.7976931348623157e+308,0,1.7976931348623157e+308,0,1.7976931348623157e+308,0
20211015,ag2110,4960.0,4849.0,4849.0,0.0,4900.0,4960.0,4900.0,114,8442000.0,3934.0,1.7976931348623157e+308,1.7976931348623157e+308,5333.0,4364.0,0.0,1.7976931348623157e+308,22:51:56,500,74052.63157894737,20211014,4903.0,4,4961.0,10,1.7976931348623157e+308,0,1.7976931348623157e+308,0,1.7976931348623157e+308,0,1.7976931348623157e+308,0,1.7976931348623157e+308,0,1.7976931348623157e+308,0,1.7976931348623157e+308,0,1.7976931348623157e+308,0
20211015,ag2110,4960.0,4849.0,4849.0,0.0,4900.0,4960.0,4900.0,114,8442000.0,3934.0,1.7976931348623157e+308,1.7976931348623157e+308,5333.0,4364.0,0.0,1.7976931348623157e+308,22:53:58,500,74052.63157894737,20211014,4903.0,4,4961.0,20,1.7976931348623157e+308,0,1.7976931348623157e+308,0,1.7976931348623157e+308,0,1.7976931348623157e+308,0,1.7976931348623157e+308,0,1.7976931348623157e+308,0,1.7976931348623157e+308,0,1.7976931348623157e+308,0
20211015,ag2110,4960.0,4849.0,4849.0,0.0,4900.0,4960.0,4900.0,114,8442000.0,3934.0,1.7976931348623157e+308,1.7976931348623157e+308,5333.0,4364.0,0.0,1.7976931348623157e+308,22:56:06,0,74052.63157894737,20211014,4903.0,6,4961.0,20,1.7976931348623157e+308,0,1.7976931348623157e+308,0,1.7976931348623157e+308,0,1.7976931348623157e+308,0,1.7976931348623157e+308,0,1.7976931348623157e+308,0,1.7976931348623157e+308,0,1.7976931348623157e+308,0
20211015,ag2110,4960.0,4849.0,4849.0,0.0,4900.0,4960.0,4900.0,114,8442000.0,3934.0,1.7976931348623157e+308,1.7976931348623157e+308,5333.0,4364.0,0.0,1.7976931348623157e+308,22:56:09,500,74052.63157894737,20211014,4903.0,4,4961.0,20,1.7976931348623157e+308,0,1.7976931348623157e+308,0,1.7976931348623157e+308,0,1.7976931348623157e+308,0,1.7976931348623157e+308,0,1.7976931348623157e+308,0,1.7976931348623157e+308,0,1.7976931348623157e+308,0
20211015,ag2110,4960.0,4849.0,4849.0,0.0,4900.0,4960.0,4900.0,114,8442000.0,3934.0,1.7976931348623157e+308,1.7976931348623157e+308,5333.0,4364.0,0.0,1.7976931348623157e+308,23:03:25,500,74052.63157894737,20211014,4903.0,6,4961.0,20,1.7976931348623157e+308,0,1.7976931348623157e+308,0,1.7976931348623157e+308,0,1.7976931348623157e+308,0,1.7976931348623157e+308,0,1.7976931348623157e+308,0,1.7976931348623157e+308,0,1.7976931348623157e+308,0
20211015,ag2110,4960.0,4849.0,4849.0,0.0,4900.0,4960.0,4900.0,114,8442000.0,3934.0,1.7976931348623157e+308,1.7976931348623157e+308,5333.0,4364.0,0.0,1.7976931348623157e+308,23:03:26,0,74052.63157894737,20211014,4903.0,4,4961.0,20,1.7976931348623157e+308,0,1.7976931348623157e+308,0,1.7976931348623157e+308,0,1.7976931348623157e+308,0,1.7976931348623157e+308,0,1.7976931348623157e+308,0,1.7976931348623157e+308,0,1.7976931348623157e+308,0
20211015,ag2110,4960.0,4849.0,4849.0,0.0,4900.0,4960.0,4900.0,114,8442000.0,3934.0,1.7976931348623157e+308,1.7976931348623157e+308,5333.0,4364.0,0.0,1.7976931348623157e+308,23:05:14,500,74052.63157894737,20211014,4903.0,6,4961.0,20,1.7976931348623157e+308,0,1.7976931348623157e+308,0,1.7976931348623157e+308,0,1.7976931348623157e+308,0,1.7976931348623157e+308,0,1.7976931348623157e+308,0,1.7976931348623157e+308,0,1.7976931348623157e+308,0
20211015,ag2110,4960.0,4849.0,4849.0,0.0,4900.0,4960.0,4900.0,114,8442000.0,3934.0,1.7976931348623157e+308,1.7976931348623157e+308,5333.0,4364.0,0.0,1.7976931348623157e+308,23:05:23,0,74052.63157894737,20211014,4903.0,4,4961.0,20,1.7976931348623157e+308,0,1.7976931348623157e+308,0,1.7976931348623157e+308,0,1.7976931348623157e+308,0,1.7976931348623157e+308,0,1.7976931348623157e+308,0,1.7976931348623157e+308,0,1.7976931348623157e+308,0
20211015,ag2110,4960.0,4849.0,4849.0,0.0,4900.0,4960.0,4900.0,114,8442000.0,3934.0,1.7976931348623157e+308,1.7976931348623157e+308,5333.0,4364.0,0.0,1.7976931348623157e+308,23:06:48,0,74052.63157894737,20211014,4903.0,4,4961.0,20,1.7976931348623157e+308,0,1.7976931348623157e+308,0,1.7976931348623157e+308,0,1.7976931348623157e+308,0,1.7976931348623157e+308,0,1.7976931348623157e+308,0,1.7976931348623157e+308,0,1.7976931348623157e+308,0
20211015,ag2110,4961.0,4849.0,4849.0,0.0,4900.0,4961.0,4900.0,124,9186150.0,3944.0,1.7976931348623157e+308,1.7976931348623157e+308,5333.0,4364.0,0.0,1.7976931348623157e+308,23:14:03,0,74081.85483870968,20211014,4903.0,4,4961.0,10,1.7976931348623157e+308,0,1.7976931348623157e+308,0,1.7976931348623157e+308,0,1.7976931348623157e+308,0,1.7976931348623157e+308,0,1.7976931348623157e+308,0,1.7976931348623157e+308,0,1.7976931348623157e+308,0
20211015,ag2110,4961.0,4849.0,4849.0,0.0,4900.0,4961.0,4900.0,124,9186150.0,3944.0,1.7976931348623157e+308,1.7976931348623157e+308,5333.0,4364.0,0.0,1.7976931348623157e+308,23:27:46,500,74081.85483870968,20211014,4903.0,4,4962.0,10,1.7976931348623157e+308,0,1.7976931348623157e+308,0,1.7976931348623157e+308,0,1.7976931348623157e+308,0,1.7976931348623157e+308,0,1.7976931348623157e+308,0,1.7976931348623157e+308,0,1.7976931348623157e+308,0
20211015,ag2110,4961.0,4849.0,4849.0,0.0,4900.0,4961.0,4900.0,124,9186150.0,3944.0,1.7976931348623157e+308,1.7976931348623157e+308,5333.0,4364.0,0.0,1.7976931348623157e+308,23:33:28,500,74081.85483870968,20211014,4903.0,4,1.7976931348623157e+308,0,1.7976931348623157e+308,0,1.7976931348623157e+308,0,1.7976931348623157e+308,0,1.7976931348623157e+308,0,1.7976931348623157e+308,0,1.7976931348623157e+308,0,1.7976931348623157e+308,0,1.7976931348623157e+308,0
20211015,ag2110,4900.0,4849.0,4849.0,0.0,4900.0,4948.0,4900.0,82,6061200.0,3902.0,1.7976931348623157e+308,1.7976931348623157e+308,5333.0,4364.0,0.0,1.7976931348623157e+308,23:36:43,0,73917.0731707317,20211014,4903.0,4,1.7976931348623157e+308,0,1.7976931348623157e+308,0,1.7976931348623157e+308,0,1.7976931348623157e+308,0,1.7976931348623157e+308,0,1.7976931348623157e+308,0,1.7976931348623157e+308,0,1.7976931348623157e+308,0,1.7976931348623157e+308,0
20211015,ag2110,4900.0,4849.0,4849.0,0.0,4900.0,4948.0,4900.0,82,6061200.0,3902.0,1.7976931348623157e+308,1.7976931348623157e+308,5333.0,4364.0,0.0,1.7976931348623157e+308,23:41:15,500,73917.0731707317,20211014,4903.0,4,4960.0,40,1.7976931348623157e+308,0,1.7976931348623157e+308,0,1.7976931348623157e+308,0,1.7976931348623157e+308,0,1.7976931348623157e+308,0,1.7976931348623157e+308,0,1.7976931348623157e+308,0,1.7976931348623157e+308,0
20211015,ag2110,4960.0,4849.0,4849.0,0.0,4900.0,4960.0,4900.0,114,8442000.0,3934.0,1.7976931348623157e+308,1.7976931348623157e+308,5333.0,4364.0,0.0,1.7976931348623157e+308,23:48:37,0,74052.63157894737,20211014,4903.0,4,4960.0,8,1.7976931348623157e+308,0,1.7976931348623157e+308,0,1.7976931348623157e+308,0,1.7976931348623157e+308,0,1.7976931348623157e+308,0,1.7976931348623157e+308,0,1.7976931348623157e+308,0,1.7976931348623157e+308,0
20211015,ag2110,4960.0,4849.0,4849.0,0.0,4900.0,4960.0,4900.0,114,8442000.0,3934.0,1.7976931348623157e+308,1.7976931348623157e+308,5333.0,4364.0,0.0,1.7976931348623157e+308,00:18:23,0,74052.63157894737,20211015,4903.0,4,1.7976931348623157e+308,0,1.7976931348623157e+308,0,1.7976931348623157e+308,0,1.7976931348623157e+308,0,1.7976931348623157e+308,0,1.7976931348623157e+308,0,1.7976931348623157e+308,0,1.7976931348623157e+308,0,1.7976931348623157e+308,0
20211015,ag2110,4960.0,4849.0,4849.0,0.0,4900.0,4960.0,4900.0,114,8442000.0,3934.0,1.7976931348623157e+308,1.7976931348623157e+308,5333.0,4364.0,0.0,1.7976931348623157e+308,00:19:26,0,74052.63157894737,20211015,4903.0,4,4961.0,30,1.7976931348623157e+308,0,1.7976931348623157e+308,0,1.7976931348623157e+308,0,1.7976931348623157e+308,0,1.7976931348623157e+308,0,1.7976931348623157e+308,0,1.7976931348623157e+308,0,1.7976931348623157e+308,0
20211015,ag2110,4960.0,4849.0,4849.0,0.0,4900.0,4960.0,4900.0,114,8442000.0,3934.0,1.7976931348623157e+308,1.7976931348623157e+308,5333.0,4364.0,0.0,1.7976931348623157e+308,00:22:38,0,74052.63157894737,20211015,4903.0,4,4961.0,10,1.7976931348623157e+308,0,1.7976931348623157e+308,0,1.7976931348623157e+308,0,1.7976931348623157e+308,0,1.7976931348623157e+308,0,1.7976931348623157e+308,0,1.7976931348623157e+308,0,1.7976931348623157e+308,0
20211015,ag2110,4960.0,4849.0,4849.0,0.0,4900.0,4960.0,4900.0,114,8442000.0,3934.0,1.7976931348623157e+308,1.7976931348623157e+308,5333.0,4364.0,0.0,1.7976931348623157e+308,00:24:40,0,74052.63157894737,20211015,4903.0,4,4961.0,20,1.7976931348623157e+308,0,1.7976931348623157e+308,0,1.7976931348623157e+308,0,1.7976931348623157e+308,0,1.7976931348623157e+308,0,1.7976931348623157e+308,0,1.7976931348623157e+308,0,1.7976931348623157e+308,0
20211015,ag2110,4960.0,4849.0,4849.0,0.0,4900.0,4960.0,4900.0,114,8442000.0,3934.0,1.7976931348623157e+308,1.7976931348623157e+308,5333.0,4364.0,0.0,1.7976931348623157e+308,00:26:47,500,74052.63157894737,20211015,4903.0,6,4961.0,20,1.7976931348623157e+308,0,1.7976931348623157e+308,0,1.7976931348623157e+308,0,1.7976931348623157e+308,0,1.7976931348623157e+308,0,1.7976931348623157e+308,0,1.7976931348623157e+308,0,1.7976931348623157e+308,0
20211015,ag2110,4960.0,4849.0,4849.0,0.0,4900.0,4960.0,4900.0,114,8442000.0,3934.0,1.7976931348623157e+308,1.7976931348623157e+308,5333.0,4364.0,0.0,1.7976931348623157e+308,00:26:51,0,74052.63157894737,20211015,4903.0,4,4961.0,20,1.7976931348623157e+308,0,1.7976931348623157e+308,0,1.7976931348623157e+308,0,1.7976931348623157e+308,0,1.7976931348623157e+308,0,1.7976931348623157e+308,0,1.7976931348623157e+308,0,1.7976931348623157e+308,0
20211015,ag2110,4960.0,4849.0,4849.0,0.0,4900.0,4960.0,4900.0,114,8442000.0,3934.0,1.7976931348623157e+308,1.7976931348623157e+308,5333.0,4364.0,0.0,1.7976931348623157e+308,00:34:06,500,74052.63157894737,20211015,4903.0,6,4961.0,20,1.7976931348623157e+308,0,1.7976931348623157e+308,0,1.7976931348623157e+308,0,1.7976931348623157e+308,0,1.7976931348623157e+308,0,1.7976931348623157e+308,0,1.7976931348623157e+308,0,1.7976931348623157e+308,0
20211015,ag2110,4960.0,4849.0,4849.0,0.0,4900.0,4960.0,4900.0,114,8442000.0,3934.0,1.7976931348623157e+308,1.7976931348623157e+308,5333.0,4364.0,0.0,1.7976931348623157e+308,00:34:07,0,74052.63157894737,20211015,4903.0,4,4961.0,20,1.7976931348623157e+308,0,1.7976931348623157e+308,0,1.7976931348623157e+308,0,1.7976931348623157e+308,0,1.7976931348623157e+308,0,1.7976931348623157e+308,0,1.7976931348623157e+308,0,1.7976931348623157e+308,0
20211015,ag2110,4960.0,4849.0,4849.0,0.0,4900.0,4960.0,4900.0,114,8442000.0,3934.0,1.7976931348623157e+308,1.7976931348623157e+308,5333.0,4364.0,0.0,1.7976931348623157e+308,00:35:55,500,74052.63157894737,20211015,4903.0,6,4961.0,20,1.7976931348623157e+308,0,1.7976931348623157e+308,0,1.7976931348623157e+308,0,1.7976931348623157e+308,0,1.7976931348623157e+308,0,1.7976931348623157e+308,0,1.7976931348623157e+308,0,1.7976931348623157e+308,0
20211015,ag2110,4960.0,4849.0,4849.0,0.0,4900.0,4960.0,4900.0,114,8442000.0,3934.0,1.7976931348623157e+308,1.7976931348623157e+308,5333.0,4364.0,0.0,1.7976931348623157e+308,00:36:04,0,74052.63157894737,20211015,4903.0,4,4961.0,20,1.7976931348623157e+308,0,1.7976931348623157e+308,0,1.7976931348623157e+308,0,1.7976931348623157e+308,0,1.7976931348623157e+308,0,1.7976931348623157e+308,0,1.7976931348623157e+308,0,1.7976931348623157e+308,0
20211015,ag2110,4960.0,4849.0,4849.0,0.0,4900.0,4960.0,4900.0,114,8442000.0,3934.0,1.7976931348623157e+308,1.7976931348623157e+308,5333.0,4364.0,0.0,1.7976931348623157e+308,00:37:29,0,74052.63157894737,20211015,4903.0,4,4961.0,20,1.7976931348623157e+308,0,1.7976931348623157e+308,0,1.7976931348623157e+308,0,1.7976931348623157e+308,0,1.7976931348623157e+308,0,1.7976931348623157e+308,0,1.7976931348623157e+308,0,1.7976931348623157e+308,0
20211015,ag2110,4961.0,4849.0,4849.0,0.0,4900.0,4961.0,4900.0,124,9186150.0,3944.0,1.7976931348623157e+308,1.7976931348623157e+308,5333.0,4364.0,0.0,1.7976931348623157e+308,00:44:43,500,74081.85483870968,20211015,4903.0,4,4961.0,10,1.7976931348623157e+308,0,1.7976931348623157e+308,0,1.7976931348623157e+308,0,1.7976931348623157e+308,0,1.7976931348623157e+308,0,1.7976931348623157e+308,0,1.7976931348623157e+308,0,1.7976931348623157e+308,0
20211015,ag2110,4961.0,4849.0,4849.0,0.0,4900.0,4961.0,4900.0,124,9186150.0,3944.0,1.7976931348623157e+308,1.7976931348623157e+308,5333.0,4364.0,0.0,1.7976931348623157e+308,00:58:26,500,74081.85483870968,20211015,4903.0,4,4962.0,10,1.7976931348623157e+308,0,1.7976931348623157e+308,0,1.7976931348623157e+308,0,1.7976931348623157e+308,0,1.7976931348623157e+308,0,1.7976931348623157e+308,0,1.7976931348623157e+308,0,1.7976931348623157e+308,0
20211015,ag2110,4961.0,4849.0,4849.0,0.0,4900.0,4961.0,4900.0,124,9186150.0,3944.0,1.7976931348623157e+308,1.7976931348623157e+308,5333.0,4364.0,0.0,1.7976931348623157e+308,01:04:08,500,74081.85483870968,20211015,4903.0,4,1.7976931348623157e+308,0,1.7976931348623157e+308,0,1.7976931348623157e+308,0,1.7976931348623157e+308,0,1.7976931348623157e+308,0,1.7976931348623157e+308,0,1.7976931348623157e+308,0,1.7976931348623157e+308,0,1.7976931348623157e+308,0
20211015,ag2110,4900.0,4849.0,4849.0,0.0,4900.0,4948.0,4900.0,82,6061200.0,3902.0,1.7976931348623157e+308,1.7976931348623157e+308,5333.0,4364.0,0.0,1.7976931348623157e+308,01:07:23,0,73917.0731707317,20211015,4903.0,4,1.7976931348623157e+308,0,1.7976931348623157e+308,0,1.7976931348623157e+308,0,1.7976931348623157e+308,0,1.7976931348623157e+308,0,1.7976931348623157e+308,0,1.7976931348623157e+308,0,1.7976931348623157e+308,0,1.7976931348623157e+308,0
20211015,ag2110,4900.0,4849.0,4849.0,0.0,4900.0,4948.0,4900.0,82,6061200.0,3902.0,1.7976931348623157e+308,1.7976931348623157e+308,5333.0,4364.0,0.0,1.7976931348623157e+308,01:11:55,500,73917.0731707317,20211015,4903.0,4,4960.0,40,1.7976931348623157e+308,0,1.7976931348623157e+308,0,1.7976931348623157e+308,0,1.7976931348623157e+308,0,1.7976931348623157e+308,0,1.7976931348623157e+308,0,1.7976931348623157e+308,0,1.7976931348623157e+308,0
20211015,ag2110,4960.0,4849.0,4849.0,0.0,4900.0,4960.0,4900.0,114,8442000.0,3934.0,1.7976931348623157e+308,1.7976931348623157e+308,5333.0,4364.0,0.0,1.7976931348623157e+308,01:19:17,500,74052.63157894737,20211015,4903.0,4,4960.0,8,1.7976931348623157e+308,0,1.7976931348623157e+308,0,1.7976931348623157e+308,0,1.7976931348623157e+308,0,1.7976931348623157e+308,0,1.7976931348623157e+308,0,1.7976931348623157e+308,0,1.7976931348623157e+308,0
20211015,ag2110,4960.0,4849.0,4849.0,0.0,4900.0,4960.0,4900.0,114,8442000.0,3934.0,1.7976931348623157e+308,1.7976931348623157e+308,5333.0,4364.0,0.0,1.7976931348623157e+308,01:49:04,0,74052.63157894737,20211015,4903.0,4,1.7976931348623157e+308,0,1.7976931348623157e+308,0,1.7976931348623157e+308,0,1.7976931348623157e+308,0,1.7976931348623157e+308,0,1.7976931348623157e+308,0,1.7976931348623157e+308,0,1.7976931348623157e+308,0,1.7976931348623157e+308,0
20211015,ag2110,4960.0,4849.0,4849.0,0.0,4900.0,4960.0,4900.0,114,8442000.0,3934.0,1.7976931348623157e+308,1.7976931348623157e+308,5333.0,4364.0,0.0,1.7976931348623157e+308,01:50:07,0,74052.63157894737,20211015,4903.0,4,4961.0,30,1.7976931348623157e+308,0,1.7976931348623157e+308,0,1.7976931348623157e+308,0,1.7976931348623157e+308,0,1.7976931348623157e+308,0,1.7976931348623157e+308,0,1.7976931348623157e+308,0,1.7976931348623157e+308,0
20211015,ag2110,4960.0,4849.0,4849.0,0.0,4900.0,4960.0,4900.0,114,8442000.0,3934.0,1.7976931348623157e+308,1.7976931348623157e+308,5333.0,4364.0,0.0,1.7976931348623157e+308,01:53:18,500,74052.63157894737,20211015,4903.0,4,4961.0,10,1.7976931348623157e+308,0,1.7976931348623157e+308,0,1.7976931348623157e+308,0,1.7976931348623157e+308,0,1.7976931348623157e+308,0,1.7976931348623157e+308,0,1.7976931348623157e+308,0,1.7976931348623157e+308,0
20211015,ag2110,4960.0,4849.0,4849.0,0.0,4900.0,4960.0,4900.0,114,8442000.0,3934.0,1.7976931348623157e+308,1.7976931348623157e+308,5333.0,4364.0,0.0,1.7976931348623157e+308,01:55:21,0,74052.63157894737,20211015,4903.0,4,4961.0,20,1.7976931348623157e+308,0,1.7976931348623157e+308,0,1.7976931348623157e+308,0,1.7976931348623157e+308,0,1.7976931348623157e+308,0,1.7976931348623157e+308,0,1.7976931348623157e+308,0,1.7976931348623157e+308,0
20211015,ag2110,4960.0,4849.0,4849.0,0.0,4900.0,4960.0,4900.0,114,8442000.0,3934.0,1.7976931348623157e+308,1.7976931348623157e+308,5333.0,4364.0,0.0,1.7976931348623157e+308,01:57:28,500,74052.63157894737,20211015,4903.0,6,4961.0,20,1.7976931348623157e+308,0,1.7976931348623157e+308,0,1.7976931348623157e+308,0,1.7976931348623157e+308,0,1.7976931348623157e+308,0,1.7976931348623157e+308,0,1.7976931348623157e+308,0,1.7976931348623157e+308,0
20211015,ag2110,4960.0,4849.0,4849.0,0.0,4900.0,4960.0,4900.0,114,8442000.0,3934.0,1.7976931348623157e+308,1.7976931348623157e+308,5333.0,4364.0,0.0,1.7976931348623157e+308,01:57:32,0,74052.63157894737,20211015,4903.0,4,4961.0,20,1.7976931348623157e+308,0,1.7976931348623157e+308,0,1.7976931348623157e+308,0,1.7976931348623157e+308,0,1.7976931348623157e+308,0,1.7976931348623157e+308,0,1.7976931348623157e+308,0,1.7976931348623157e+308,0
20211015,ag2110,4960.0,4849.0,4849.0,0.0,4900.0,4960.0,4900.0,114,8442000.0,3934.0,1.7976931348623157e+308,1.7976931348623157e+308,5333.0,4364.0,0.0,1.7976931348623157e+308,02:04:48,500,74052.63157894737,20211015,4903.0,6,4961.0,20,1.7976931348623157e+308,0,1.7976931348623157e+308,0,1.7976931348623157e+308,0,1.7976931348623157e+308,0,1.7976931348623157e+308,0,1.7976931348623157e+308,0,1.7976931348623157e+308,0,1.7976931348623157e+308,0
20211015,ag2110,4960.0,4849.0,4849.0,0.0,4900.0,4960.0,4900.0,114,8442000.0,3934.0,1.7976931348623157e+308,1.7976931348623157e+308,5333.0,4364.0,0.0,1.7976931348623157e+308,02:04:49,0,74052.63157894737,20211015,4903.0,4,4961.0,20,1.7976931348623157e+308,0,1.7976931348623157e+308,0,1.7976931348623157e+308,0,1.7976931348623157e+308,0,1.7976931348623157e+308,0,1.7976931348623157e+308,0,1.7976931348623157e+308,0,1.7976931348623157e+308,0
20211015,ag2110,4960.0,4849.0,4849.0,0.0,4900.0,4960.0,4900.0,114,8442000.0,3934.0,1.7976931348623157e+308,1.7976931348623157e+308,5333.0,4364.0,0.0,1.7976931348623157e+308,02:06:37,0,74052.63157894737,20211015,4903.0,6,4961.0,20,1.7976931348623157e+308,0,1.7976931348623157e+308,0,1.7976931348623157e+308,0,1.7976931348623157e+308,0,1.7976931348623157e+308,0,1.7976931348623157e+308,0,1.7976931348623157e+308,0,1.7976931348623157e+308,0
20211015,ag2110,4960.0,4849.0,4849.0,0.0,4900.0,4960.0,4900.0,114,8442000.0,3934.0,1.7976931348623157e+308,1.7976931348623157e+308,5333.0,4364.0,0.0,1.7976931348623157e+308,02:06:45,500,74052.63157894737,20211015,4903.0,4,4961.0,20,1.7976931348623157e+308,0,1.7976931348623157e+308,0,1.7976931348623157e+308,0,1.7976931348623157e+308,0,1.7976931348623157e+308,0,1.7976931348623157e+308,0,1.7976931348623157e+308,0,1.7976931348623157e+308,0
20211015,ag2110,4960.0,4849.0,4849.0,0.0,4900.0,4960.0,4900.0,114,8442000.0,3934.0,1.7976931348623157e+308,1.7976931348623157e+308,5333.0,4364.0,0.0,1.7976931348623157e+308,02:08:10,500,74052.63157894737,20211015,4903.0,4,4961.0,20,1.7976931348623157e+308,0,1.7976931348623157e+308,0,1.7976931348623157e+308,0,1.7976931348623157e+308,0,1.7976931348623157e+308,0,1.7976931348623157e+308,0,1.7976931348623157e+308,0,1.7976931348623157e+308,0
20211015,ag2110,4961.0,4849.0,4849.0,0.0,4900.0,4961.0,4900.0,124,9186150.0,3944.0,1.7976931348623157e+308,1.7976931348623157e+308,5333.0,4364.0,0.0,1.7976931348623157e+308,02:15:25,0,74081.85483870968,20211015,4903.0,4,4961.0,10,1.7976931348623157e+308,0,1.7976931348623157e+308,0,1.7976931348623157e+308,0,1.7976931348623157e+308,0,1.7976931348623157e+308,0,1.7976931348623157e+308,0,1.7976931348623157e+308,0,1.7976931348623157e+308,0
20211015,ag2110,4961.0,4849.0,4849.0,0.0,4900.0,4961.0,4900.0,124,9186150.0,3944.0,1.7976931348623157e+308,1.7976931348623157e+308,5333.0,4364.0,0.0,1.7976931348623157e+308,02:29:07,500,74081.85483870968,20211015,4903.0,4,4962.0,10,1.7976931348623157e+308,0,1.7976931348623157e+308,0,1.7976931348623157e+308,0,1.7976931348623157e+308,0,1.7976931348623157e+308,0,1.7976931348623157e+308,0,1.7976931348623157e+308,0,1.7976931348623157e+308,0
20211015,ag2110,4961.0,4849.0,4849.0,0.0,4900.0,4961.0,4900.0,124,9186150.0,3944.0,1.7976931348623157e+308,1.7976931348623157e+308,5333.0,4364.0,0.0,1.7976931348623157e+308,02:34:49,500,74081.85483870968,20211015,4903.0,4,1.7976931348623157e+308,0,1.7976931348623157e+308,0,1.7976931348623157e+308,0,1.7976931348623157e+308,0,1.7976931348623157e+308,0,1.7976931348623157e+308,0,1.7976931348623157e+308,0,1.7976931348623157e+308,0,1.7976931348623157e+308,0
20211015,ag2110,4900.0,4849.0,4849.0,0.0,4900.0,4948.0,4900.0,82,6061200.0,3902.0,1.7976931348623157e+308,1.7976931348623157e+308,5333.0,4364.0,0.0,1.7976931348623157e+308,02:38:04,500,73917.0731707317,20211015,4903.0,4,1.7976931348623157e+308,0,1.7976931348623157e+308,0,1.7976931348623157e+308,0,1.7976931348623157e+308,0,1.7976931348623157e+308,0,1.7976931348623157e+308,0,1.7976931348623157e+308,0,1.7976931348623157e+308,0,1.7976931348623157e+308,0
20211015,ag2110,4900.0,4849.0,4849.0,0.0,4900.0,4948.0,4900.0,82,6061200.0,3902.0,1.7976931348623157e+308,1.7976931348623157e+308,5333.0,4364.0,0.0,1.7976931348623157e+308,02:42:37,0,73917.0731707317,20211015,4903.0,4,4960.0,40,1.7976931348623157e+308,0,1.7976931348623157e+308,0,1.7976931348623157e+308,0,1.7976931348623157e+308,0,1.7976931348623157e+308,0,1.7976931348623157e+308,0,1.7976931348623157e+308,0,1.7976931348623157e+308,0
20211015,ag2110,4960.0,4849.0,4849.0,0.0,4900.0,4960.0,4900.0,114,8442000.0,3934.0,1.7976931348623157e+308,1.7976931348623157e+308,5333.0,4364.0,0.0,1.7976931348623157e+308,02:49:58,500,74052.63157894737,20211015,4903.0,4,4960.0,8,1.7976931348623157e+308,0,1.7976931348623157e+308,0,1.7976931348623157e+308,0,1.7976931348623157e+308,0,1.7976931348623157e+308,0,1.7976931348623157e+308,0,1.7976931348623157e+308,0,1.7976931348623157e+308,0
20211015,ag2110,4960.0,4849.0,4849.0,0.0,4900.0,4960.0,4900.0,114,8442000.0,3934.0,1.7976931348623157e+308,1.7976931348623157e+308,5333.0,4364.0,0.0,1.7976931348623157e+308,03:19:44,0,74052.63157894737,20211015,4903.0,4,1.7976931348623157e+308,0,1.7976931348623157e+308,0,1.7976931348623157e+308,0,1.7976931348623157e+308,0,1.7976931348623157e+308,0,1.7976931348623157e+308,0,1.7976931348623157e+308,0,1.7976931348623157e+308,0,1.7976931348623157e+308,0
20211015,ag2110,4960.0,4849.0,4849.0,0.0,4900.0,4960.0,4900.0,114,8442000.0,3934.0,1.7976931348623157e+308,1.7976931348623157e+308,5333.0,4364.0,0.0,1.7976931348623157e+308,03:20:47,0,74052.63157894737,20211015,4903.0,4,4961.0,30,1.7976931348623157e+308,0,1.7976931348623157e+308,0,1.7976931348623157e+308,0,1.7976931348623157e+308,0,1.7976931348623157e+308,0,1.7976931348623157e+308,0,1.7976931348623157e+308,0,1.7976931348623157e+308,0
20211015,ag2110,4960.0,4849.0,4849.0,0.0,4900.0,4960.0,4900.0,114,8442000.0,3934.0,1.7976931348623157e+308,1.7976931348623157e+308,5333.0,4364.0,0.0,1.7976931348623157e+308,03:23:58,500,74052.63157894737,20211015,4903.0,4,4961.0,10,1.7976931348623157e+308,0,1.7976931348623157e+308,0,1.7976931348623157e+308,0,1.7976931348623157e+308,0,1.7976931348623157e+308,0,1.7976931348623157e+308,0,1.7976931348623157e+308,0,1.7976931348623157e+308,0
20211015,ag2110,4960.0,4849.0,4849.0,0.0,4900.0,4960.0,4900.0,114,8442000.0,3934.0,1.7976931348623157e+308,1.7976931348623157e+308,5333.0,4364.0,0.0,1.7976931348623157e+308,03:26:01,0,74052.63157894737,20211015,4903.0,4,4961.0,20,1.7976931348623157e+308,0,1.7976931348623157e+308,0,1.7976931348623157e+308,0,1.7976931348623157e+308,0,1.7976931348623157e+308,0,1.7976931348623157e+308,0,1.7976931348623157e+308,0,1.7976931348623157e+308,0
20211015,ag2110,4960.0,4849.0,4849.0,0.0,4900.0,4960.0,4900.0,114,8442000.0,3934.0,1.7976931348623157e+308,1.7976931348623157e+308,5333.0,4364.0,0.0,1.7976931348623157e+308,03:28:08,0,74052.63157894737,20211015,4903.0,6,4961.0,20,1.7976931348623157e+308,0,1.7976931348623157e+308,0,1.7976931348623157e+308,0,1.7976931348623157e+308,0,1.7976931348623157e+308,0,1.7976931348623157e+308,0,1.7976931348623157e+308,0,1.7976931348623157e+308,0
20211015,ag2110,4960.0,4849.0,4849.0,0.0,4900.0,4960.0,4900.0,114,8442000.0,3934.0,1.7976931348623157e+308,1.7976931348623157e+308,5333.0,4364.0,0.0,1.7976931348623157e+308,03:28:11,500,74052.63157894737,20211015,4903.0,4,4961.0,20,1.7976931348623157e+308,0,1.7976931348623157e+308,0,1.7976931348623157e+308,0,1.7976931348623157e+308,0,1.7976931348623157e+308,0,1.7976931348623157e+308,0,1.7976931348623157e+308,0,1.7976931348623157e+308,0
20211015,ag2110,4960.0,4849.0,4849.0,0.0,4900.0,4960.0,4900.0,114,8442000.0,3934.0,1.7976931348623157e+308,1.7976931348623157e+308,5333.0,4364.0,0.0,1.7976931348623157e+308,03:35:27,500,74052.63157894737,20211015,4903.0,6,4961.0,20,1.7976931348623157e+308,0,1.7976931348623157e+308,0,1.7976931348623157e+308,0,1.7976931348623157e+308,0,1.7976931348623157e+308,0,1.7976931348623157e+308,0,1.7976931348623157e+308,0,1.7976931348623157e+308,0
20211015,ag2110,4960.0,4849.0,4849.0,0.0,4900.0,4960.0,4900.0,114,8442000.0,3934.0,1.7976931348623157e+308,1.7976931348623157e+308,5333.0,4364.0,0.0,1.7976931348623157e+308,03:35:28,0,74052.63157894737,20211015,4903.0,4,4961.0,20,1.7976931348623157e+308,0,1.7976931348623157e+308,0,1.7976931348623157e+308,0,1.7976931348623157e+308,0,1.7976931348623157e+308,0,1.7976931348623157e+308,0,1.7976931348623157e+308,0,1.7976931348623157e+308,0
20211015,ag2110,4960.0,4849.0,4849.0,0.0,4900.0,4960.0,4900.0,114,8442000.0,3934.0,1.7976931348623157e+308,1.7976931348623157e+308,5333.0,4364.0,0.0,1.7976931348623157e+308,03:37:16,500,74052.63157894737,20211015,4903.0,6,4961.0,20,1.7976931348623157e+308,0,1.7976931348623157e+308,0,1.7976931348623157e+308,0,1.7976931348623157e+308,0,1.7976931348623157e+308,0,1.7976931348623157e+308,0,1.7976931348623157e+308,0,1.7976931348623157e+308,0
20211015,ag2110,4960.0,4849.0,4849.0,0.0,4900.0,4960.0,4900.0,114,8442000.0,3934.0,1.7976931348623157e+308,1.7976931348623157e+308,5333.0,4364.0,0.0,1.7976931348623157e+308,03:37:25,0,74052.63157894737,20211015,4903.0,4,4961.0,20,1.7976931348623157e+308,0,1.7976931348623157e+308,0,1.7976931348623157e+308,0,1.7976931348623157e+308,0,1.7976931348623157e+308,0,1.7976931348623157e+308,0,1.7976931348623157e+308,0,1.7976931348623157e+308,0
20211015,ag2110,4960.0,4849.0,4849.0,0.0,4900.0,4960.0,4900.0,114,8442000.0,3934.0,1.7976931348623157e+308,1.7976931348623157e+308,5333.0,4364.0,0.0,1.7976931348623157e+308,03:38:50,0,74052.63157894737,20211015,4903.0,4,4961.0,20,1.7976931348623157e+308,0,1.7976931348623157e+308,0,1.7976931348623157e+308,0,1.7976931348623157e+308,0,1.7976931348623157e+308,0,1.7976931348623157e+308,0,1.7976931348623157e+308,0,1.7976931348623157e+308,0
20211015,ag2110,4961.0,4849.0,4849.0,0.0,4900.0,4961.0,4900.0,124,9186150.0,3944.0,1.7976931348623157e+308,1.7976931348623157e+308,5333.0,4364.0,0.0,1.7976931348623157e+308,03:46:04,0,74081.85483870968,20211015,4903.0,4,4961.0,10,1.7976931348623157e+308,0,1.7976931348623157e+308,0,1.7976931348623157e+308,0,1.7976931348623157e+308,0,1.7976931348623157e+308,0,1.7976931348623157e+308,0,1.7976931348623157e+308,0,1.7976931348623157e+308,0
20211015,ag2110,4961.0,4849.0,4849.0,0.0,4900.0,4961.0,4900.0,124,9186150.0,3944.0,1.7976931348623157e+308,1.7976931348623157e+308,5333.0,4364.0,0.0,1.7976931348623157e+308,03:59:47,0,74081.85483870968,20211015,4903.0,4,4962.0,10,1.7976931348623157e+308,0,1.7976931348623157e+308,0,1.7976931348623157e+308,0,1.7976931348623157e+308,0,1.7976931348623157e+308,0,1.7976931348623157e+308,0,1.7976931348623157e+308,0,1.7976931348623157e+308,0
20211015,ag2110,4961.0,4849.0,4849.0,0.0,4900.0,4961.0,4900.0,124,9186150.0,3944.0,1.7976931348623157e+308,1.7976931348623157e+308,5333.0,4364.0,0.0,1.7976931348623157e+308,04:05:29,0,74081.85483870968,20211015,4903.0,4,1.7976931348623157e+308,0,1.7976931348623157e+308,0,1.7976931348623157e+308,0,1.7976931348623157e+308,0,1.7976931348623157e+308,0,1.7976931348623157e+308,0,1.7976931348623157e+308,0,1.7976931348623157e+308,0,1.7976931348623157e+308,0
20211015,ag2110,4900.0,4849.0,4849.0,0.0,4900.0,4948.0,4900.0,82,6061200.0,3902.0,1.7976931348623157e+308,1.7976931348623157e+308,5333.0,4364.0,0.0,1.7976931348623157e+308,04:08:43,500,73917.0731707317,20211015,4903.0,4,1.7976931348623157e+308,0,1.7976931348623157e+308,0,1.7976931348623157e+308,0,1.7976931348623157e+308,0,1.7976931348623157e+308,0,1.7976931348623157e+308,0,1.7976931348623157e+308,0,1.7976931348623157e+308,0,1.7976931348623157e+308,0
20211015,ag2110,4900.0,4849.0,4849.0,0.0,4900.0,4948.0,4900.0,82,6061200.0,3902.0,1.7976931348623157e+308,1.7976931348623157e+308,5333.0,4364.0,0.0,1.7976931348623157e+308,04:13:16,0,73917.0731707317,20211015,4903.0,4,4960.0,40,1.7976931348623157e+308,0,1.7976931348623157e+308,0,1.7976931348623157e+308,0,1.7976931348623157e+308,0,1.7976931348623157e+308,0,1.7976931348623157e+308,0,1.7976931348623157e+308,0,1.7976931348623157e+308,0
20211015,ag2110,4960.0,4849.0,4849.0,0.0,4900.0,4960.0,4900.0,114,8442000.0,3934.0,1.7976931348623157e+308,1.7976931348623157e+308,5333.0,4364.0,0.0,1.7976931348623157e+308,04:20:37,500,74052.63157894737,20211015,4903.0,4,4960.0,8,1.7976931348623157e+308,0,1.7976931348623157e+308,0,1.7976931348623157e+308,0,1.7976931348623157e+308,0,1.7976931348623157e+308,0,1.7976931348623157e+308,0,1.7976931348623157e+308,0,1.7976931348623157e+308,0
20211015,ag2110,4960.0,4849.0,4849.0,0.0,4900.0,4960.0,4900.0,114,8442000.0,3934.0,1.7976931348623157e+308,1.7976931348623157e+308,5333.0,4364.0,0.0,1.7976931348623157e+308,04:50:24,500,74052.63157894737,20211015,4903.0,4,1.7976931348623157e+308,0,1.7976931348623157e+308,0,1.7976931348623157e+308,0,1.7976931348623157e+308,0,1.7976931348623157e+308,0,1.7976931348623157e+308,0,1.7976931348623157e+308,0,1.7976931348623157e+308,0,1.7976931348623157e+308,0
20211015,ag2110,4960.0,4849.0,4849.0,0.0,4900.0,4960.0,4900.0,114,8442000.0,3934.0,1.7976931348623157e+308,1.7976931348623157e+308,5333.0,4364.0,0.0,1.7976931348623157e+308,04:51:27,500,74052.63157894737,20211015,4903.0,4,4961.0,30,1.7976931348623157e+308,0,1.7976931348623157e+308,0,1.7976931348623157e+308,0,1.7976931348623157e+308,0,1.7976931348623157e+308,0,1.7976931348623157e+308,0,1.7976931348623157e+308,0,1.7976931348623157e+308,0
20211015,ag2110,4960.0,4849.0,4849.0,0.0,4900.0,4960.0,4900.0,114,8442000.0,3934.0,1.7976931348623157e+308,1.7976931348623157e+308,5333.0,4364.0,0.0,1.7976931348623157e+308,04:54:39,0,74052.63157894737,20211015,4903.0,4,4961.0,10,1.7976931348623157e+308,0,1.7976931348623157e+308,0,1.7976931348623157e+308,0,1.7976931348623157e+308,0,1.7976931348623157e+308,0,1.7976931348623157e+308,0,1.7976931348623157e+308,0,1.7976931348623157e+308,0
20211015,ag2110,4960.0,4849.0,4849.0,0.0,4900.0,4960.0,4900.0,114,8442000.0,3934.0,1.7976931348623157e+308,1.7976931348623157e+308,5333.0,4364.0,0.0,1.7976931348623157e+308,04:56:41,500,74052.63157894737,20211015,4903.0,4,4961.0,20,1.7976931348623157e+308,0,1.7976931348623157e+308,0,1.7976931348623157e+308,0,1.7976931348623157e+308,0,1.7976931348623157e+308,0,1.7976931348623157e+308,0,1.7976931348623157e+308,0,1.7976931348623157e+308,0
20211015,ag2110,4960.0,4849.0,4849.0,0.0,4900.0,4960.0,4900.0,114,8442000.0,3934.0,1.7976931348623157e+308,1.7976931348623157e+308,5333.0,4364.0,0.0,1.7976931348623157e+308,04:58:48,500,74052.63157894737,20211015,4903.0,6,4961.0,20,1.7976931348623157e+308,0,1.7976931348623157e+308,0,1.7976931348623157e+308,0,1.7976931348623157e+308,0,1.7976931348623157e+308,0,1.7976931348623157e+308,0,1.7976931348623157e+308,0,1.7976931348623157e+308,0
20211015,ag2110,4960.0,4849.0,4849.0,0.0,4900.0,4960.0,4900.0,114,8442000.0,3934.0,1.7976931348623157e+308,1.7976931348623157e+308,5333.0,4364.0,0.0,1.7976931348623157e+308,04:58:52,0,74052.63157894737,20211015,4903.0,4,4961.0,20,1.7976931348623157e+308,0,1.7976931348623157e+308,0,1.7976931348623157e+308,0,1.7976931348623157e+308,0,1.7976931348623157e+308,0,1.7976931348623157e+308,0,1.7976931348623157e+308,0,1.7976931348623157e+308,0
20211015,ag2110,4960.0,4849.0,4849.0,0.0,4900.0,4960.0,4900.0,114,8442000.0,3934.0,1.7976931348623157e+308,1.7976931348623157e+308,5333.0,4364.0,0.0,1.7976931348623157e+308,05:06:08,500,74052.63157894737,20211015,4903.0,6,4961.0,20,1.7976931348623157e+308,0,1.7976931348623157e+308,0,1.7976931348623157e+308,0,1.7976931348623157e+308,0,1.7976931348623157e+308,0,1.7976931348623157e+308,0,1.7976931348623157e+308,0,1.7976931348623157e+308,0
20211015,ag2110,4960.0,4849.0,4849.0,0.0,4900.0,4960.0,4900.0,114,8442000.0,3934.0,1.7976931348623157e+308,1.7976931348623157e+308,5333.0,4364.0,0.0,1.7976931348623157e+308,05:06:09,0,74052.63157894737,20211015,4903.0,4,4961.0,20,1.7976931348623157e+308,0,1.7976931348623157e+308,0,1.7976931348623157e+308,0,1.7976931348623157e+308,0,1.7976931348623157e+308,0,1.7976931348623157e+308,0,1.7976931348623157e+308,0,1.7976931348623157e+308,0
20211015,ag2110,4960.0,4849.0,4849.0,0.0,4900.0,4960.0,4900.0,114,8442000.0,3934.0,1.7976931348623157e+308,1.7976931348623157e+308,5333.0,4364.0,0.0,1.7976931348623157e+308,05:07:57,500,74052.63157894737,20211015,4903.0,6,4961.0,20,1.7976931348623157e+308,0,1.7976931348623157e+308,0,1.7976931348623157e+308,0,1.7976931348623157e+308,0,1.7976931348623157e+308,0,1.7976931348623157e+308,0,1.7976931348623157e+308,0,1.7976931348623157e+308,0
20211015,ag2110,4960.0,4849.0,4849.0,0.0,4900.0,4960.0,4900.0,114,8442000.0,3934.0,1.7976931348623157e+308,1.7976931348623157e+308,5333.0,4364.0,0.0,1.7976931348623157e+308,05:08:06,0,74052.63157894737,20211015,4903.0,4,4961.0,20,1.7976931348623157e+308,0,1.7976931348623157e+308,0,1.7976931348623157e+308,0,1.7976931348623157e+308,0,1.7976931348623157e+308,0,1.7976931348623157e+308,0,1.7976931348623157e+308,0,1.7976931348623157e+308,0
20211015,ag2110,4960.0,4849.0,4849.0,0.0,4900.0,4960.0,4900.0,114,8442000.0,3934.0,1.7976931348623157e+308,1.7976931348623157e+308,5333.0,4364.0,0.0,1.7976931348623157e+308,05:09:31,0,74052.63157894737,20211015,4903.0,4,4961.0,20,1.7976931348623157e+308,0,1.7976931348623157e+308,0,1.7976931348623157e+308,0,1.7976931348623157e+308,0,1.7976931348623157e+308,0,1.7976931348623157e+308,0,1.7976931348623157e+308,0,1.7976931348623157e+308,0
20211015,ag2110,4961.0,4849.0,4849.0,0.0,4900.0,4961.0,4900.0,124,9186150.0,3944.0,1.7976931348623157e+308,1.7976931348623157e+308,5333.0,4364.0,0.0,1.7976931348623157e+308,05:16:45,500,74081.85483870968,20211015,4903.0,4,4961.0,10,1.7976931348623157e+308,0,1.7976931348623157e+308,0,1.7976931348623157e+308,0,1.7976931348623157e+308,0,1.7976931348623157e+308,0,1.7976931348623157e+308,0,1.7976931348623157e+308,0,1.7976931348623157e+308,0
20211015,ag2110,4961.0,4849.0,4849.0,0.0,4900.0,4961.0,4900.0,124,9186150.0,3944.0,1.7976931348623157e+308,1.7976931348623157e+308,5333.0,4364.0,0.0,1.7976931348623157e+308,05:30:28,500,74081.85483870968,20211015,4903.0,4,4962.0,10,1.7976931348623157e+308,0,1.7976931348623157e+308,0,1.7976931348623157e+308,0,1.7976931348623157e+308,0,1.7976931348623157e+308,0,1.7976931348623157e+308,0,1.7976931348623157e+308,0,1.7976931348623157e+308,0
20211015,ag2110,4961.0,4849.0,4849.0,0.0,4900.0,4961.0,4900.0,124,9186150.0,3944.0,1.7976931348623157e+308,1.7976931348623157e+308,5333.0,4364.0,0.0,1.7976931348623157e+308,05:36:10,500,74081.85483870968,20211015,4903.0,4,1.7976931348623157e+308,0,1.7976931348623157e+308,0,1.7976931348623157e+308,0,1.7976931348623157e+308,0,1.7976931348623157e+308,0,1.7976931348623157e+308,0,1.7976931348623157e+308,0,1.7976931348623157e+308,0,1.7976931348623157e+308,0
20211015,ag2110,4900.0,4849.0,4849.0,0.0,4900.0,4948.0,4900.0,82,6061200.0,3902.0,1.7976931348623157e+308,1.7976931348623157e+308,5333.0,4364.0,0.0,1.7976931348623157e+308,05:39:25,500,73917.0731707317,20211015,4903.0,4,1.7976931348623157e+308,0,1.7976931348623157e+308,0,1.7976931348623157e+308,0,1.7976931348623157e+308,0,1.7976931348623157e+308,0,1.7976931348623157e+308,0,1.7976931348623157e+308,0,1.7976931348623157e+308,0,1.7976931348623157e+308,0
20211015,ag2110,4900.0,4849.0,4849.0,0.0,4900.0,4948.0,4900.0,82,6061200.0,3902.0,1.7976931348623157e+308,1.7976931348623157e+308,5333.0,4364.0,0.0,1.7976931348623157e+308,05:43:58,0,73917.0731707317,20211015,4903.0,4,4960.0,40,1.7976931348623157e+308,0,1.7976931348623157e+308,0,1.7976931348623157e+308,0,1.7976931348623157e+308,0,1.7976931348623157e+308,0,1.7976931348623157e+308,0,1.7976931348623157e+308,0,1.7976931348623157e+308,0
20211015,ag2110,4960.0,4849.0,4849.0,0.0,4900.0,4960.0,4900.0,114,8442000.0,3934.0,1.7976931348623157e+308,1.7976931348623157e+308,5333.0,4364.0,0.0,1.7976931348623157e+308,05:51:19,500,74052.63157894737,20211015,4903.0,4,4960.0,8,1.7976931348623157e+308,0,1.7976931348623157e+308,0,1.7976931348623157e+308,0,1.7976931348623157e+308,0,1.7976931348623157e+308,0,1.7976931348623157e+308,0,1.7976931348623157e+308,0,1.7976931348623157e+308,0
20211015,ag2110,4960.0,4849.0,4849.0,0.0,4900.0,4960.0,4900.0,114,8442000.0,3934.0,1.7976931348623157e+308,1.7976931348623157e+308,5333.0,4364.0,0.0,1.7976931348623157e+308,06:21:06,500,74052.63157894737,20211015,4903.0,4,1.7976931348623157e+308,0,1.7976931348623157e+308,0,1.7976931348623157e+308,0,1.7976931348623157e+308,0,1.7976931348623157e+308,0,1.7976931348623157e+308,0,1.7976931348623157e+308,0,1.7976931348623157e+308,0,1.7976931348623157e+308,0
20211015,ag2110,4960.0,4849.0,4849.0,0.0,4900.0,4960.0,4900.0,114,8442000.0,3934.0,1.7976931348623157e+308,1.7976931348623157e+308,5333.0,4364.0,0.0,1.7976931348623157e+308,06:22:10,0,74052.63157894737,20211015,4903.0,4,4961.0,30,1.7976931348623157e+308,0,1.7976931348623157e+308,0,1.7976931348623157e+308,0,1.7976931348623157e+308,0,1.7976931348623157e+308,0,1.7976931348623157e+308,0,1.7976931348623157e+308,0,1.7976931348623157e+308,0
20211015,ag2110,4960.0,4849.0,4849.0,0.0,4900.0,4960.0,4900.0,114,8442000.0,3934.0,1.7976931348623157e+308,1.7976931348623157e+308,5333.0,4364.0,0.0,1.7976931348623157e+308,06:25:21,500,74052.63157894737,20211015,4903.0,4,4961.0,10,1.7976931348623157e+308,0,1.7976931348623157e+308,0,1.7976931348623157e+308,0,1.7976931348623157e+308,0,1.7976931348623157e+308,0,1.7976931348623157e+308,0,1.7976931348623157e+308,0,1.7976931348623157e+308,0
20211015,ag2110,4960.0,4849.0,4849.0,0.0,4900.0,4960.0,4900.0,114,8442000.0,3934.0,1.7976931348623157e+308,1.7976931348623157e+308,5333.0,4364.0,0.0,1.7976931348623157e+308,06:27:24,0,74052.63157894737,20211015,4903.0,4,4961.0,20,1.7976931348623157e+308,0,1.7976931348623157e+308,0,1.7976931348623157e+308,0,1.7976931348623157e+308,0,1.7976931348623157e+308,0,1.7976931348623157e+308,0,1.7976931348623157e+308,0,1.7976931348623157e+308,0
20211015,ag2110,4960.0,4849.0,4849.0,0.0,4900.0,4960.0,4900.0,114,8442000.0,3934.0,1.7976931348623157e+308,1.7976931348623157e+308,5333.0,4364.0,0.0,1.7976931348623157e+308,06:29:31,0,74052.63157894737,20211015,4903.0,6,4961.0,20,1.7976931348623157e+308,0,1.7976931348623157e+308,0,1.7976931348623157e+308,0,1.7976931348623157e+308,0,1.7976931348623157e+308,0,1.7976931348623157e+308,0,1.7976931348623157e+308,0,1.7976931348623157e+308,0
20211015,ag2110,4960.0,4849.0,4849.0,0.0,4900.0,4960.0,4900.0,114,8442000.0,3934.0,1.7976931348623157e+308,1.7976931348623157e+308,5333.0,4364.0,0.0,1.7976931348623157e+308,06:29:34,500,74052.63157894737,20211015,4903.0,4,4961.0,20,1.7976931348623157e+308,0,1.7976931348623157e+308,0,1.7976931348623157e+308,0,1.7976931348623157e+308,0,1.7976931348623157e+308,0,1.7976931348623157e+308,0,1.7976931348623157e+308,0,1.7976931348623157e+308,0
20211015,ag2110,4960.0,4849.0,4849.0,0.0,4900.0,4960.0,4900.0,114,8442000.0,3934.0,1.7976931348623157e+308,1.7976931348623157e+308,5333.0,4364.0,0.0,1.7976931348623157e+308,06:36:50,500,74052.63157894737,20211015,4903.0,6,4961.0,20,1.7976931348623157e+308,0,1.7976931348623157e+308,0,1.7976931348623157e+308,0,1.7976931348623157e+308,0,1.7976931348623157e+308,0,1.7976931348623157e+308,0,1.7976931348623157e+308,0,1.7976931348623157e+308,0
20211015,ag2110,4960.0,4849.0,4849.0,0.0,4900.0,4960.0,4900.0,114,8442000.0,3934.0,1.7976931348623157e+308,1.7976931348623157e+308,5333.0,4364.0,0.0,1.7976931348623157e+308,06:36:51,0,74052.63157894737,20211015,4903.0,4,4961.0,20,1.7976931348623157e+308,0,1.7976931348623157e+308,0,1.7976931348623157e+308,0,1.7976931348623157e+308,0,1.7976931348623157e+308,0,1.7976931348623157e+308,0,1.7976931348623157e+308,0,1.7976931348623157e+308,0
20211015,ag2110,4960.0,4849.0,4849.0,0.0,4900.0,4960.0,4900.0,114,8442000.0,3934.0,1.7976931348623157e+308,1.7976931348623157e+308,5333.0,4364.0,0.0,1.7976931348623157e+308,06:38:39,500,74052.63157894737,20211015,4903.0,6,4961.0,20,1.7976931348623157e+308,0,1.7976931348623157e+308,0,1.7976931348623157e+308,0,1.7976931348623157e+308,0,1.7976931348623157e+308,0,1.7976931348623157e+308,0,1.7976931348623157e+308,0,1.7976931348623157e+308,0
20211015,ag2110,4960.0,4849.0,4849.0,0.0,4900.0,4960.0,4900.0,114,8442000.0,3934.0,1.7976931348623157e+308,1.7976931348623157e+308,5333.0,4364.0,0.0,1.7976931348623157e+308,06:38:48,0,74052.63157894737,20211015,4903.0,4,4961.0,20,1.7976931348623157e+308,0,1.7976931348623157e+308,0,1.7976931348623157e+308,0,1.7976931348623157e+308,0,1.7976931348623157e+308,0,1.7976931348623157e+308,0,1.7976931348623157e+308,0,1.7976931348623157e+308,0
20211015,ag2110,4960.0,4849.0,4849.0,0.0,4900.0,4960.0,4900.0,114,8442000.0,3934.0,1.7976931348623157e+308,1.7976931348623157e+308,5333.0,4364.0,0.0,1.7976931348623157e+308,06:40:13,0,74052.63157894737,20211015,4903.0,4,4961.0,20,1.7976931348623157e+308,0,1.7976931348623157e+308,0,1.7976931348623157e+308,0,1.7976931348623157e+308,0,1.7976931348623157e+308,0,1.7976931348623157e+308,0,1.7976931348623157e+308,0,1.7976931348623157e+308,0
20211015,ag2110,4961.0,4849.0,4849.0,0.0,4900.0,4961.0,4900.0,124,9186150.0,3944.0,1.7976931348623157e+308,1.7976931348623157e+308,5333.0,4364.0,0.0,1.7976931348623157e+308,06:47:27,500,74081.85483870968,20211015,4903.0,4,4961.0,10,1.7976931348623157e+308,0,1.7976931348623157e+308,0,1.7976931348623157e+308,0,1.7976931348623157e+308,0,1.7976931348623157e+308,0,1.7976931348623157e+308,0,1.7976931348623157e+308,0,1.7976931348623157e+308,0
20211015,ag2110,4961.0,4849.0,4849.0,0.0,4900.0,4961.0,4900.0,124,9186150.0,3944.0,1.7976931348623157e+308,1.7976931348623157e+308,5333.0,4364.0,0.0,1.7976931348623157e+308,07:01:11,0,74081.85483870968,20211015,4903.0,4,4962.0,10,1.7976931348623157e+308,0,1.7976931348623157e+308,0,1.7976931348623157e+308,0,1.7976931348623157e+308,0,1.7976931348623157e+308,0,1.7976931348623157e+308,0,1.7976931348623157e+308,0,1.7976931348623157e+308,0
20211015,ag2110,4961.0,4849.0,4849.0,0.0,4900.0,4961.0,4900.0,124,9186150.0,3944.0,1.7976931348623157e+308,1.7976931348623157e+308,5333.0,4364.0,0.0,1.7976931348623157e+308,07:06:53,0,74081.85483870968,20211015,4903.0,4,1.7976931348623157e+308,0,1.7976931348623157e+308,0,1.7976931348623157e+308,0,1.7976931348623157e+308,0,1.7976931348623157e+308,0,1.7976931348623157e+308,0,1.7976931348623157e+308,0,1.7976931348623157e+308,0,1.7976931348623157e+308,0
20211015,ag2110,4900.0,4849.0,4849.0,0.0,4900.0,4948.0,4900.0,82,6061200.0,3902.0,1.7976931348623157e+308,1.7976931348623157e+308,5333.0,4364.0,0.0,1.7976931348623157e+308,07:10:08,0,73917.0731707317,20211015,4903.0,4,1.7976931348623157e+308,0,1.7976931348623157e+308,0,1.7976931348623157e+308,0,1.7976931348623157e+308,0,1.7976931348623157e+308,0,1.7976931348623157e+308,0,1.7976931348623157e+308,0,1.7976931348623157e+308,0,1.7976931348623157e+308,0
20211015,ag2110,4900.0,4849.0,4849.0,0.0,4900.0,4948.0,4900.0,82,6061200.0,3902.0,1.7976931348623157e+308,1.7976931348623157e+308,5333.0,4364.0,0.0,1.7976931348623157e+308,07:14:41,0,73917.0731707317,20211015,4903.0,4,4960.0,40,1.7976931348623157e+308,0,1.7976931348623157e+308,0,1.7976931348623157e+308,0,1.7976931348623157e+308,0,1.7976931348623157e+308,0,1.7976931348623157e+308,0,1.7976931348623157e+308,0,1.7976931348623157e+308,0
20211015,ag2110,4960.0,4849.0,4849.0,0.0,4900.0,4960.0,4900.0,114,8442000.0,3934.0,1.7976931348623157e+308,1.7976931348623157e+308,5333.0,4364.0,0.0,1.7976931348623157e+308,07:22:02,500,74052.63157894737,20211015,4903.0,4,4960.0,8,1.7976931348623157e+308,0,1.7976931348623157e+308,0,1.7976931348623157e+308,0,1.7976931348623157e+308,0,1.7976931348623157e+308,0,1.7976931348623157e+308,0,1.7976931348623157e+308,0,1.7976931348623157e+308,0
20211015,ag2110,4960.0,4849.0,4849.0,0.0,4900.0,4960.0,4900.0,114,8442000.0,3934.0,1.7976931348623157e+308,1.7976931348623157e+308,5333.0,4364.0,0.0,1.7976931348623157e+308,07:51:48,500,74052.63157894737,20211015,4903.0,4,1.7976931348623157e+308,0,1.7976931348623157e+308,0,1.7976931348623157e+308,0,1.7976931348623157e+308,0,1.7976931348623157e+308,0,1.7976931348623157e+308,0,1.7976931348623157e+308,0,1.7976931348623157e+308,0,1.7976931348623157e+308,0
20211015,ag2110,4960.0,4849.0,4849.0,0.0,4900.0,4960.0,4900.0,114,8442000.0,3934.0,1.7976931348623157e+308,1.7976931348623157e+308,5333.0,4364.0,0.0,1.7976931348623157e+308,07:52:51,0,74052.63157894737,20211015,4903.0,4,4961.0,30,1.7976931348623157e+308,0,1.7976931348623157e+308,0,1.7976931348623157e+308,0,1.7976931348623157e+308,0,1.7976931348623157e+308,0,1.7976931348623157e+308,0,1.7976931348623157e+308,0,1.7976931348623157e+308,0
20211015,ag2110,4960.0,4849.0,4849.0,0.0,4900.0,4960.0,4900.0,114,8442000.0,3934.0,1.7976931348623157e+308,1.7976931348623157e+308,5333.0,4364.0,0.0,1.7976931348623157e+308,07:56:03,0,74052.63157894737,20211015,4903.0,4,4961.0,10,1.7976931348623157e+308,0,1.7976931348623157e+308,0,1.7976931348623157e+308,0,1.7976931348623157e+308,0,1.7976931348623157e+308,0,1.7976931348623157e+308,0,1.7976931348623157e+308,0,1.7976931348623157e+308,0
20211015,ag2110,4960.0,4849.0,4849.0,0.0,4900.0,4960.0,4900.0,114,8442000.0,3934.0,1.7976931348623157e+308,1.7976931348623157e+308,5333.0,4364.0,0.0,1.7976931348623157e+308,07:58:05,0,74052.63157894737,20211015,4903.0,4,4961.0,20,1.7976931348623157e+308,0,1.7976931348623157e+308,0,1.7976931348623157e+308,0,1.7976931348623157e+308,0,1.7976931348623157e+308,0,1.7976931348623157e+308,0,1.7976931348623157e+308,0,1.7976931348623157e+308,0
20211015,ag2110,4960.0,4849.0,4849.0,0.0,4900.0,4960.0,4900.0,114,8442000.0,3934.0,1.7976931348623157e+308,1.7976931348623157e+308,5333.0,4364.0,0.0,1.7976931348623157e+308,08:00:12,500,74052.63157894737,20211015,4903.0,6,4961.0,20,1.7976931348623157e+308,0,1.7976931348623157e+308,0,1.7976931348623157e+308,0,1.7976931348623157e+308,0,1.7976931348623157e+308,0,1.7976931348623157e+308,0,1.7976931348623157e+308,0,1.7976931348623157e+308,0
20211015,ag2110,4960.0,4849.0,4849.0,0.0,4900.0,4960.0,4900.0,114,8442000.0,3934.0,1.7976931348623157e+308,1.7976931348623157e+308,5333.0,4364.0,0.0,1.7976931348623157e+308,08:00:16,0,74052.63157894737,20211015,4903.0,4,4961.0,20,1.7976931348623157e+308,0,1.7976931348623157e+308,0,1.7976931348623157e+308,0,1.7976931348623157e+308,0,1.7976931348623157e+308,0,1.7976931348623157e+308,0,1.7976931348623157e+308,0,1.7976931348623157e+308,0
20211015,ag2110,4960.0,4849.0,4849.0,0.0,4900.0,4960.0,4900.0,114,8442000.0,3934.0,1.7976931348623157e+308,1.7976931348623157e+308,5333.0,4364.0,0.0,1.7976931348623157e+308,08:07:32,0,74052.63157894737,20211015,4903.0,6,4961.0,20,1.7976931348623157e+308,0,1.7976931348623157e+308,0,1.7976931348623157e+308,0,1.7976931348623157e+308,0,1.7976931348623157e+308,0,1.7976931348623157e+308,0,1.7976931348623157e+308,0,1.7976931348623157e+308,0
20211015,ag2110,4960.0,4849.0,4849.0,0.0,4900.0,4960.0,4900.0,114,8442000.0,3934.0,1.7976931348623157e+308,1.7976931348623157e+308,5333.0,4364.0,0.0,1.7976931348623157e+308,08:07:32,500,74052.63157894737,20211015,4903.0,4,4961.0,20,1.7976931348623157e+308,0,1.7976931348623157e+308,0,1.7976931348623157e+308,0,1.7976931348623157e+308,0,1.7976931348623157e+308,0,1.7976931348623157e+308,0,1.7976931348623157e+308,0,1.7976931348623157e+308,0
20211015,ag2110,4960.0,4849.0,4849.0,0.0,4900.0,4960.0,4900.0,114,8442000.0,3934.0,1.7976931348623157e+308,1.7976931348623157e+308,5333.0,4364.0,0.0,1.7976931348623157e+308,08:09:20,500,74052.63157894737,20211015,4903.0,6,4961.0,20,1.7976931348623157e+308,0,1.7976931348623157e+308,0,1.7976931348623157e+308,0,1.7976931348623157e+308,0,1.7976931348623157e+308,0,1.7976931348623157e+308,0,1.7976931348623157e+308,0,1.7976931348623157e+308,0
20211015,ag2110,4960.0,4849.0,4849.0,0.0,4900.0,4960.0,4900.0,114,8442000.0,3934.0,1.7976931348623157e+308,1.7976931348623157e+308,5333.0,4364.0,0.0,1.7976931348623157e+308,08:09:29,0,74052.63157894737,20211015,4903.0,4,4961.0,20,1.7976931348623157e+308,0,1.7976931348623157e+308,0,1.7976931348623157e+308,0,1.7976931348623157e+308,0,1.7976931348623157e+308,0,1.7976931348623157e+308,0,1.7976931348623157e+308,0,1.7976931348623157e+308,0
20211015,ag2110,4960.0,4849.0,4849.0,0.0,4900.0,4960.0,4900.0,114,8442000.0,3934.0,1.7976931348623157e+308,1.7976931348623157e+308,5333.0,4364.0,0.0,1.7976931348623157e+308,08:10:54,0,74052.63157894737,20211015,4903.0,4,4961.0,20,1.7976931348623157e+308,0,1.7976931348623157e+308,0,1.7976931348623157e+308,0,1.7976931348623157e+308,0,1.7976931348623157e+308,0,1.7976931348623157e+308,0,1.7976931348623157e+308,0,1.7976931348623157e+308,0
20211015,ag2110,4961.0,4849.0,4849.0,0.0,4900.0,4961.0,4900.0,124,9186150.0,3944.0,1.7976931348623157e+308,1.7976931348623157e+308,5333.0,4364.0,0.0,1.7976931348623157e+308,08:18:08,500,74081.85483870968,20211015,4903.0,4,4961.0,10,1.7976931348623157e+308,0,1.7976931348623157e+308,0,1.7976931348623157e+308,0,1.7976931348623157e+308,0,1.7976931348623157e+308,0,1.7976931348623157e+308,0,1.7976931348623157e+308,0,1.7976931348623157e+308,0
20211015,ag2110,4961.0,4849.0,4849.0,0.0,4900.0,4961.0,4900.0,124,9186150.0,3944.0,1.7976931348623157e+308,1.7976931348623157e+308,5333.0,4364.0,0.0,1.7976931348623157e+308,08:31:52,0,74081.85483870968,20211015,4903.0,4,4962.0,10,1.7976931348623157e+308,0,1.7976931348623157e+308,0,1.7976931348623157e+308,0,1.7976931348623157e+308,0,1.7976931348623157e+308,0,1.7976931348623157e+308,0,1.7976931348623157e+308,0,1.7976931348623157e+308,0
20211015,ag2110,4961.0,4849.0,4849.0,0.0,4900.0,4961.0,4900.0,124,9186150.0,3944.0,1.7976931348623157e+308,1.7976931348623157e+308,5333.0,4364.0,0.0,1.7976931348623157e+308,08:37:34,0,74081.85483870968,20211015,4903.0,4,1.7976931348623157e+308,0,1.7976931348623157e+308,0,1.7976931348623157e+308,0,1.7976931348623157e+308,0,1.7976931348623157e+308,0,1.7976931348623157e+308,0,1.7976931348623157e+308,0,1.7976931348623157e+308,0,1.7976931348623157e+308,0
20211015,ag2110,4900.0,4849.0,4849.0,0.0,4900.0,4948.0,4900.0,82,6061200.0,3902.0,1.7976931348623157e+308,1.7976931348623157e+308,5333.0,4364.0,0.0,1.7976931348623157e+308,08:40:49,0,73917.0731707317,20211015,4903.0,4,1.7976931348623157e+308,0,1.7976931348623157e+308,0,1.7976931348623157e+308,0,1.7976931348623157e+308,0,1.7976931348623157e+308,0,1.7976931348623157e+308,0,1.7976931348623157e+308,0,1.7976931348623157e+308,0,1.7976931348623157e+308,0
20211015,ag2110,4900.0,4849.0,4849.0,0.0,4900.0,4948.0,4900.0,82,6061200.0,3902.0,1.7976931348623157e+308,1.7976931348623157e+308,5333.0,4364.0,0.0,1.7976931348623157e+308,08:45:22,0,73917.0731707317,20211015,4903.0,4,4960.0,40,1.7976931348623157e+308,0,1.7976931348623157e+308,0,1.7976931348623157e+308,0,1.7976931348623157e+308,0,1.7976931348623157e+308,0,1.7976931348623157e+308,0,1.7976931348623157e+308,0,1.7976931348623157e+308,0
20211015,ag2110,4960.0,4849.0,4849.0,0.0,4900.0,4960.0,4900.0,114,8442000.0,3934.0,1.7976931348623157e+308,1.7976931348623157e+308,5333.0,4364.0,0.0,1.7976931348623157e+308,08:52:43,500,74052.63157894737,20211015,4903.0,4,4960.0,8,1.7976931348623157e+308,0,1.7976931348623157e+308,0,1.7976931348623157e+308,0,1.7976931348623157e+308,0,1.7976931348623157e+308,0,1.7976931348623157e+308,0,1.7976931348623157e+308,0,1.7976931348623157e+308,0
